video_id,title,root,package_id,high_confidence_segment_count,all_gated_segment_count,topic_count,video_url,high_confidence_topic_tags
yt_nicole_cipriani_bone_soft_tissue_board_review_2026_04_23_nomohth-vty,Bone & Soft Tissue Board Review 2026-04-23 (Nicole Cipriani),BST,yt_nicole_cipriani_bone_soft_tissue_board_review_2026_04_23_nomohth-vty_v0_1,1,6,6,https://www.youtube.com/watch?v=NOmOHTh-vtY,BST::Soft_Tissue::Uncertain_Diff::Malignant::Undifferentiated_Round_Cell_Sarcoma_Ewing
BST_Lecture_1_Grossing,BST Lecture 1 Grossing,BST,bst_lecture_1_grossing_v0_1,0,2,1,https://storage.googleapis.com/pathology-hub-0/source_videos/BST_Lecture_1_Grossing.mp4,
BST_Lecture_2_SoftTissue1,BST Lecture 2 SoftTissue1,BST,bst_lecture_2_softtissue1_v0_1,0,1,1,https://storage.googleapis.com/pathology-hub-0/source_videos/BST_Lecture_2_SoftTissue1.mp4,
BST_Lecture_3_SofTissue2,BST Lecture 3 SofTissue2,BST,bst_lecture_3_softissue2_v0_1,4,7,5,https://storage.googleapis.com/pathology-hub-0/source_videos/BST_Lecture_3_SofTissue2.mp4,BST::Soft_Tissue::Vascular::Malignant::Angiosarcoma | BST::Soft_Tissue::Adipocytic::Intermediate::Atypical_Lipomatous_Tumor_Well_Differentiated_Liposarcoma | BST::Soft_Tissue::Vascular::Benign::Lobular_Capillary_Hemangioma
BST_Lecture_4_SoftTissue3,BST Lecture 4 SoftTissue3,BST,bst_lecture_4_softtissue3_v0_1,1,10,6,https://storage.googleapis.com/pathology-hub-0/source_videos/BST_Lecture_4_SoftTissue3.mp4,BST::Soft_Tissue::Uncertain_Diff::Malignant::Extraskeletal_Myxoid_Chondrosarcoma
BST_Lecture_5_Bone1,BST Lecture 5 Bone1,BST,bst_lecture_5_bone1_v0_1,2,8,5,https://storage.googleapis.com/pathology-hub-0/source_videos/BST_Lecture_5_Bone1.mp4,BST::Bone::Reactive::Metabolic::Paget_Disease
BST_Lecture_6_Bone2,BST Lecture 6 Bone2,BST,bst_lecture_6_bone2_v0_1,2,9,5,https://storage.googleapis.com/pathology-hub-0/source_videos/BST_Lecture_6_Bone2.mp4,BST::Syndromes::Predisposition::Skeletal::Enchondromatosis_Ollier_Maffucci | BST::Bone::Chondrogenic::Secondary_Peripheral_Atypical_Cartilaginous_Tumor_Chondrosarcoma_Grade_1
Breast_Lecture_Epithelial Part 1_Chen,Breast Lecture Epithelial,Breast,breast_lecture_epithelial_v0_1,4,25,6,https://storage.googleapis.com/pathology-hub-0/source_videos/Breast_Lecture_Epithelial%20Part%201_Chen.mp4,Breast::Neoplastic::Epithelial::In_Situ::Ductal_Carcinoma_In_Situ_DCIS
Breast_Lecture_Fibroepithelial,Breast Lecture Fibroepithelial,Breast,breast_lecture_fibroepithelial_v0_1,8,18,7,https://storage.googleapis.com/pathology-hub-0/source_videos/Breast_Lecture_Fibroepithelial.mp4,Breast::Neoplastic::Mesenchymal::Low_Grade::Angiomyxoma | Breast::Neoplastic::Fibroepithelial::Benign::Juvenile_Fibroadenoma | Breast::Congenital_Structural::Hamartoma::Mammary_Hamartoma | Breast::Neoplastic::Fibroepithelial::Variable_Behavior::Phyllodes_Tumor
Breast_Lecture_Grossing,Breast Lecture Grossing,Breast,breast_lecture_grossing_v0_1,1,2,2,https://storage.googleapis.com/pathology-hub-0/source_videos/Breast_Lecture_Grossing.mp4,Breast::Neoplastic::Fibroepithelial::Variable_Behavior::Phyllodes_Tumor
Breast_Lecture_IHC,Breast Lecture IHC,Breast,breast_lecture_ihc_v0_1,0,6,4,https://storage.googleapis.com/pathology-hub-0/source_videos/Breast_Lecture_IHC.mp4,
Breast_Lecture_Invasive,Breast Lecture Invasive,Breast,breast_lecture_invasive_v0_1,2,5,2,https://storage.googleapis.com/pathology-hub-0/source_videos/Breast_Lecture_Invasive.mp4,Breast::Neoplastic::Epithelial::Malignant::Invasive_Lobular_Carcinoma | Breast::Neoplastic::Epithelial::Malignant::Mucinous_Carcinoma
Breast_Lecture_Lobular,Breast Lecture Lobular,Breast,breast_lecture_lobular_v0_1,8,20,3,https://storage.googleapis.com/pathology-hub-0/source_videos/Breast_Lecture_Lobular.mp4,Breast::Neoplastic::Epithelial::Precursor::Atypical_Lobular_Hyperplasia_ALH | Breast::Neoplastic::Epithelial::In_Situ::Lobular_Carcinoma_In_Situ_LCIS
Breast_Lecture_Papillary,Breast Lecture Papillary,Breast,breast_lecture_papillary_v0_1,4,12,5,https://storage.googleapis.com/pathology-hub-0/source_videos/Breast_Lecture_Papillary.mp4,Breast::Neoplastic::Epithelial::Malignant::Encapsulated_Papillary_Carcinoma | Breast::Epithelial::Papillary_Neoplasms::Invasive_Papillary_Carcinoma
Breast_Lecture_Prognostics,Breast Lecture Prognostics,Breast,breast_lecture_prognostics_v0_1,0,3,3,https://storage.googleapis.com/pathology-hub-0/source_videos/Breast_Lecture_Prognostics.mp4,
Breast_Lecture_Rad-Path,Breast Lecture Rad-Path,Breast,breast_lecture_rad_path_v0_1,1,10,8,https://storage.googleapis.com/pathology-hub-0/source_videos/Breast_Lecture_Rad-Path.mp4,Breast::Inflammatory::Reactive::Mucocele_Like_Lesion
Breast_Lecture_SpindleCell,Breast Lecture SpindleCell,Breast,breast_lecture_spindlecell_v0_1,3,15,3,https://storage.googleapis.com/pathology-hub-0/source_videos/Breast_Lecture_SpindleCell.mp4,Breast::Neoplastic::Fibroepithelial::Variable_Behavior::Phyllodes_Tumor
Breast_Lecture_Treated,Breast Lecture Treated,Breast,breast_lecture_treated_v0_1,0,2,1,https://storage.googleapis.com/pathology-hub-0/source_videos/Breast_Lecture_Treated.mp4,
YT_Cyto_Cervical_Goulart,YT Cyto Cervical Goulart,Cytopathology,yt_cyto_cervical_goulart_v0_1,0,3,2,https://storage.googleapis.com/pathology-hub-0/source_videos/YT_Cyto_Cervical_Goulart.mp4,
YT_Cyto_Cervix_Giovanni,YT Cyto Cervix Giovanni,Cytopathology,yt_cyto_cervix_giovanni_v0_1,1,2,2,https://storage.googleapis.com/pathology-hub-0/source_videos/YT_Cyto_Cervix_Giovanni.mp4,Cyto_GYN::Squamous::Atypical_Squamous_Cells_Undetermined_Significance_ASCUS
YT_Cyto_Lung_Lozano,YT Cyto Lung Lozano,Cytopathology,yt_cyto_lung_lozano_v0_1,1,9,4,https://storage.googleapis.com/pathology-hub-0/source_videos/YT_Cyto_Lung_Lozano.mp4,Cyto_Management::Technique::Rapid_On_Site_Evaluation_ROSE
YT_Cyto_Lung_Schmitt,YT Cyto Lung Schmitt,Cytopathology,yt_cyto_lung_schmitt_v0_1,1,4,4,https://storage.googleapis.com/pathology-hub-0/source_videos/YT_Cyto_Lung_Schmitt.mp4,Cyto_Management::Technique::Endoscopic_Ultrasound_Guided_Fine_Needle_Aspiration_EUS_FNA
YT_Cyto_Lymph_Kloboves,YT Cyto Lymph Kloboves,Cytopathology,yt_cyto_lymph_kloboves_v0_1,3,8,7,https://storage.googleapis.com/pathology-hub-0/source_videos/YT_Cyto_Lymph_Kloboves.mp4,Cyto_Heme::Malignant::B_Cell_Small::Follicular_Lymphoma_Low_Grade | Cyto_Heme::Malignant::Hodgkin::Nodular_Lymphocyte_Predominant_HL | Cyto_Salivary::Pattern::Epithelial_Proliferation_With_Lymphoid_Background
YT_Cyto_Lymph_WHO_Field,YT Cyto Lymph WHO Field,Cytopathology,yt_cyto_lymph_who_field_v0_1,0,4,3,https://storage.googleapis.com/pathology-hub-0/source_videos/YT_Cyto_Lymph_WHO_Field.mp4,
YT_Cyto_Pancreas_Cyst_Pitman,YT Cyto Pancreas Cyst Pitman,Cytopathology,yt_cyto_pancreas_cyst_pitman_v0_1,0,1,1,https://storage.googleapis.com/pathology-hub-0/source_videos/YT_Cyto_Pancreas_Cyst_Pitman.mp4,
YT_Cyto_Pancreas_Reid,YT Cyto Pancreas Reid,Cytopathology,yt_cyto_pancreas_reid_v0_1,4,10,7,https://storage.googleapis.com/pathology-hub-0/source_videos/YT_Cyto_Pancreas_Reid.mp4,Cyto_Pancreatobiliary::Malignant::Ductal::Pancreatic_Ductal_Adenocarcinoma_Foamy_Gland | Cyto_Pancreatobiliary::Malignant::Ductal::Pancreatic_Ductal_Adenocarcinoma_Osteoclast_Giant_Cells | Cyto_Pancreatobiliary::Malignant::Solid_Pseudopapillary_Neoplasm | Cyto_Pancreatobiliary::Malignant::Solid_Pseudopapillary::Solid_Pseudopapillary_Neoplasm_SPN
YT_Cyto_Paris_Bubendorf,YT Cyto Paris Bubendorf,Cytopathology,yt_cyto_paris_bubendorf_v0_1,5,11,8,https://storage.googleapis.com/pathology-hub-0/source_videos/YT_Cyto_Paris_Bubendorf.mp4,Cyto_Urinary::Category::Atypical_Urothelial_Cells_AUC | Cyto_Urinary::Pattern::Degenerated_Atypical_Cells | Cyto_Urinary::Category::Low_Grade_Urothelial_Neoplasm_LGUN | Cyto_Urinary::Infectious::Viral::Polyomavirus_Decoy_Cells | Cyto_Urinary::Category::Suspicious_For_High_Grade_Urothelial_Carcinoma_SHGUC
YT_Cyto_Peds_Barroca,YT Cyto Peds Barroca,Cytopathology,yt_cyto_peds_barroca_v0_1,2,5,4,https://storage.googleapis.com/pathology-hub-0/source_videos/YT_Cyto_Peds_Barroca.mp4,Cyto_Kidney::Malignant::Pediatric::Wilms_Tumor_Nephroblastoma
YT_Cyto_Salivary_Chen,YT Cyto Salivary Chen,Cytopathology,yt_cyto_salivary_chen_v0_1,1,1,1,https://storage.googleapis.com/pathology-hub-0/source_videos/YT_Cyto_Salivary_Chen.mp4,Cyto_Salivary::NonNeoplastic::Reactive::Intraparotid_Lymph_Node
YT_Cyto_Salivary_Faquin,YT Cyto Salivary Faquin,Cytopathology,yt_cyto_salivary_faquin_v0_1,0,2,2,https://storage.googleapis.com/pathology-hub-0/source_videos/YT_Cyto_Salivary_Faquin.mp4,
YT_Cyto_Serous_Chandra,YT Cyto Serous Chandra,Cytopathology,yt_cyto_serous_chandra_v0_1,0,2,2,https://storage.googleapis.com/pathology-hub-0/source_videos/YT_Cyto_Serous_Chandra.mp4,
YT_Cyto_Thyroid_Bongiovanni,YT Cyto Thyroid Bongiovanni,Cytopathology,yt_cyto_thyroid_bongiovanni_v0_1,1,10,4,https://storage.googleapis.com/pathology-hub-0/source_videos/YT_Cyto_Thyroid_Bongiovanni.mp4,Cyto_Thyroid::Intermediate::Noninvasive_Follicular_Thyroid_Neoplasm_NIFTP
YT_Cyto_Thyroid_Nishino,YT Cyto Thyroid Nishino,Cytopathology,yt_cyto_thyroid_nishino_v0_1,1,8,4,https://storage.googleapis.com/pathology-hub-0/source_videos/YT_Cyto_Thyroid_Nishino.mp4,Cyto_Thyroid::Category::Atypia_Undetermined_Significance_AUS_FLUS
YT_Cyto_Thyroid_Rossi,YT Cyto Thyroid Rossi,Cytopathology,yt_cyto_thyroid_rossi_v0_1,2,5,4,https://storage.googleapis.com/pathology-hub-0/source_videos/YT_Cyto_Thyroid_Rossi.mp4,Cyto_Thyroid::Intermediate::Noninvasive_Follicular_Thyroid_Neoplasm_NIFTP
GI_Lecture_0_Gross_Liver,GI Lecture 0 Gross Liver,GI,gi_lecture_0_gross_liver_v0_1,0,3,1,https://storage.googleapis.com/pathology-hub-0/source_videos/GI_Lecture_0_Gross_Liver.mp4,
GI_Lecture_1_Liver1,GI Lecture 1 Liver1,GI,gi_lecture_1_liver1_v0_1,0,3,3,https://storage.googleapis.com/pathology-hub-0/source_videos/GI_Lecture_1_Liver1.mp4,
GI_Lecture_10_Colon,GI Lecture 10 Colon,GI,gi_lecture_10_colon_v0_1,6,10,8,https://storage.googleapis.com/pathology-hub-0/source_videos/GI_Lecture_10_Colon.mp4,GI::Colon::Congenital_Structural::Structural::Colonic_Solitary_Rectal_Ulcer_SyndROME_Prolapse | GI::Colon::Polyp::Serrated::Colorectal_Hyperplastic_Polyp_Overview | GI::Syndrome::Polyposis::Adenomatous::Familial_Adenomatous_Polyposis_APC | GI::Colon::Polyp::Hamartoma::Juvenile_Polyp | GI::Syndrome::Polyposis::Hamartomatous::Juvenile_Polyposis_Syndrome | GI::Small_Intestine::Polyp::Hamartoma::Small_Intestinal_Peutz_Jeghers_Type_Polyp
GI_Lecture_11_Esophagus,GI Lecture 11 Esophagus,GI,gi_lecture_11_esophagus_v0_1,1,6,3,https://storage.googleapis.com/pathology-hub-0/source_videos/GI_Lecture_11_Esophagus.mp4,GI::Esophagus::Inflammatory::Esophagitis::Esophageal_Eosinophilic_Esophagitis
GI_Lecture_12_SmallIntestine,GI Lecture 12 SmallIntestine,GI,gi_lecture_12_smallintestine_v0_1,0,10,8,https://storage.googleapis.com/pathology-hub-0/source_videos/GI_Lecture_12_SmallIntestine.mp4,
GI_Lecture_13_Stomach2,GI Lecture 13 Stomach2,GI,gi_lecture_13_stomach2_v0_1,4,13,8,https://storage.googleapis.com/pathology-hub-0/source_videos/GI_Lecture_13_Stomach2.mp4,GI::Stomach::Inflammatory::Gastritis::Gastric_Chronic_Helicobacter_Pylori_Gastritis | GI::Stomach::Inflammatory::Gastritis::Gastric_Eosinophilic_Gastritis | GI::Stomach::Neoplastic::Neuroendocrine::Gastric_Neuroendocrine_Tumor_Type_1_Autoimmune
GI_Lecture_2_Liver2,GI Lecture 2 Liver2,GI,gi_lecture_2_liver2_v0_1,0,1,1,https://storage.googleapis.com/pathology-hub-0/source_videos/GI_Lecture_2_Liver2.mp4,
GI_Lecture_3_Liver3,GI Lecture 3 Liver3,GI,gi_lecture_3_liver3_v0_1,0,1,1,https://storage.googleapis.com/pathology-hub-0/source_videos/GI_Lecture_3_Liver3.mp4,
GI_Lecture_4_Peds1,GI Lecture 4 Peds1,GI,gi_lecture_4_peds1_v0_1,3,7,2,https://storage.googleapis.com/pathology-hub-0/source_videos/GI_Lecture_4_Peds1.mp4,GI::Colon::Congenital_Structural::Aganglionosis::Colonic_Hirschsprung_Disease | GI::Small_Intestine::Congenital_Structural::Mechanical::Microvillus_Inclusion_Disease
GI_Lecture_5_Peds2,GI Lecture 5 Peds2,GI,gi_lecture_5_peds2_v0_1,0,4,3,https://storage.googleapis.com/pathology-hub-0/source_videos/GI_Lecture_5_Peds2.mp4,
GI_Lecture_7_IBD,GI Lecture 7 IBD,GI,gi_lecture_7_ibd_v0_1,0,5,3,https://storage.googleapis.com/pathology-hub-0/source_videos/GI_Lecture_7_IBD.mp4,
GI_Lecture_8_Pancreas,GI Lecture 8 Pancreas,GI,gi_lecture_8_pancreas_v0_1,2,10,5,https://storage.googleapis.com/pathology-hub-0/source_videos/GI_Lecture_8_Pancreas.mp4,GI::Pancreas::Neoplastic::Cystic::Pancreatic_Intraductal_Oncocytic_Papillary_Neoplasm_IOPN | GI::Pancreas::Neoplastic::Precursor::PanIN_Pancreatic_Intraepithelial_Neoplasia
GI_Lecture_9_Stomach1,GI Lecture 9 Stomach1,GI,gi_lecture_9_stomach1_v0_1,0,5,5,https://storage.googleapis.com/pathology-hub-0/source_videos/GI_Lecture_9_Stomach1.mp4,
YT_GI_Barretts_Esophagus_Goldblum,YT GI Barretts Esophagus Goldblum,GI,yt_gi_barretts_esophagus_goldblum_v0_1,0,2,2,https://storage.googleapis.com/pathology-hub-0/source_videos/YT_GI_Barretts_Esophagus_Goldblum.mp4,
YT_GI_Colon_Cancer_Dhall,YT GI Colon Cancer Dhall,GI,yt_gi_colon_cancer_dhall_v0_1,0,2,2,https://storage.googleapis.com/pathology-hub-0/source_videos/YT_GI_Colon_Cancer_Dhall.mp4,
YT_GI_Colorectal_Polyp_Pai,YT GI Colorectal Polyp Pai,GI,yt_gi_colorectal_polyp_pai_v0_1,0,3,3,https://storage.googleapis.com/pathology-hub-0/source_videos/YT_GI_Colorectal_Polyp_Pai.mp4,
YT_GI_Colorectal_Polyps_Pai,YT GI Colorectal Polyps Pai,GI,yt_gi_colorectal_polyps_pai_v0_1,0,4,3,https://storage.googleapis.com/pathology-hub-0/source_videos/YT_GI_Colorectal_Polyps_Pai.mp4,
YT_GI_Gastric_Polyps_Montgomery,YT GI Gastric Polyps Montgomery,GI,yt_gi_gastric_polyps_montgomery_v0_1,1,3,2,https://storage.googleapis.com/pathology-hub-0/source_videos/YT_GI_Gastric_Polyps_Montgomery.mp4,GI::Stomach::Polyp::Hamartoma::Gastric_Juvenile_Type_Polyp
YT_GI_Iatrogenic_Montgomery,YT GI Iatrogenic Montgomery,GI,yt_gi_iatrogenic_montgomery_v0_1,0,3,2,https://storage.googleapis.com/pathology-hub-0/source_videos/YT_GI_Iatrogenic_Montgomery.mp4,
YT_GI_IBD_Gonzalez,YT GI IBD Gonzalez,GI,yt_gi_ibd_gonzalez_v0_1,0,2,2,https://storage.googleapis.com/pathology-hub-0/source_videos/YT_GI_IBD_Gonzalez.mp4,
YT_GI_IBD_Related_Dysplasia,YT GI IBD Related Dysplasia,GI,yt_gi_ibd_related_dysplasia_v0_1,0,4,1,https://storage.googleapis.com/pathology-hub-0/source_videos/YT_GI_IBD_Related_Dysplasia.mp4,
YT_GI_Luminal_Biopsy_Furth,YT GI Luminal Biopsy Furth,GI,yt_gi_luminal_biopsy_furth_v0_1,0,2,2,https://storage.googleapis.com/pathology-hub-0/source_videos/YT_GI_Luminal_Biopsy_Furth.mp4,
YT_GI_Lymphomas_Cruise,YT GI Lymphomas Cruise,GI,yt_gi_lymphomas_cruise_v0_1,0,2,2,https://storage.googleapis.com/pathology-hub-0/source_videos/YT_GI_Lymphomas_Cruise.mp4,
YT_GI_Mesenchymal_Montgomery,YT GI Mesenchymal Montgomery,GI,yt_gi_mesenchymal_montgomery_v0_1,0,2,2,https://storage.googleapis.com/pathology-hub-0/source_videos/YT_GI_Mesenchymal_Montgomery.mp4,
YT_GI_Non_IBD_Colitis_Allende_SLIDE_SESSION,YT GI Non IBD Colitis Allende SLIDE SESSION,GI,yt_gi_non_ibd_colitis_allende_slide_session_v0_1,0,2,2,https://storage.googleapis.com/pathology-hub-0/source_videos/YT_GI_Non_IBD_Colitis_Allende_SLIDE_SESSION.mp4,
YT_GI_Pancreas_Neoplastic_Hruben,YT GI Pancreas Neoplastic Hruben,GI,yt_gi_pancreas_neoplastic_hruben_v0_1,0,1,1,https://storage.googleapis.com/pathology-hub-0/source_videos/YT_GI_Pancreas_Neoplastic_Hruben.mp4,
YT_GI_Pancreas_Solid_Basturk,YT GI Pancreas Solid Basturk,GI,yt_gi_pancreas_solid_basturk_v0_1,0,2,2,https://storage.googleapis.com/pathology-hub-0/source_videos/YT_GI_Pancreas_Solid_Basturk.mp4,
YT_GI_Vascular_Allende,YT GI Vascular Allende,GI,yt_gi_vascular_allende_v0_1,0,2,2,https://storage.googleapis.com/pathology-hub-0/source_videos/YT_GI_Vascular_Allende.mp4,
yt_pathcast_pathboards_high_yield_gu_pathology_for_boards_eubhjs0r8gs,#PATHBOARDS HIGH - YIELD GU PATHOLOGY FOR BOARDS (pathCast),GU,yt_pathcast_pathboards_high_yield_gu_pathology_for_boards_eubhjs0r8gs_v0_1,0,10,7,https://www.youtube.com/watch?v=eubHjS0r8gs,
GU_Lecture_1_Kidney1,GU Lecture 1 Kidney1,GU,gu_lecture_1_kidney1_v0_1,0,4,4,https://storage.googleapis.com/pathology-hub-0/source_videos/GU_Lecture_1_Kidney1.mp4,
GU_Lecture_10_Prostate1,GU Lecture 10 Prostate1,GU,gu_lecture_10_prostate1_v0_1,3,8,6,https://storage.googleapis.com/pathology-hub-0/source_videos/GU_Lecture_10_Prostate1.mp4,GU::Prostate::Additional_Topics::Gleason_Grading | GU::Prostate::Squamous_Neoplasms::Prostatic_Stromal_Tumor_of_Uncertain_Malignant_Potential
GU_Lecture_11_Prostate2,GU Lecture 11 Prostate2,GU,gu_lecture_11_prostate2_v0_1,2,5,3,https://storage.googleapis.com/pathology-hub-0/source_videos/GU_Lecture_11_Prostate2.mp4,GU::Prostate::Benign::Basal_Cell_Hyperplasia | GU::Prostate::Glandular_neoplasms::High_Grade_Prostatic_Intraepithelial_Neoplasia
GU_Lecture_12_Prostate3,GU Lecture 12 Prostate3,GU,gu_lecture_12_prostate3_v0_1,1,7,6,https://storage.googleapis.com/pathology-hub-0/source_videos/GU_Lecture_12_Prostate3.mp4,GU::Prostate::Benign::Sclerosing_Adenosis
GU_Lecture_13_Prostate4,GU Lecture 13 Prostate4,GU,gu_lecture_13_prostate4_v0_1,7,21,3,https://storage.googleapis.com/pathology-hub-0/source_videos/GU_Lecture_13_Prostate4.mp4,GU::Prostate::Additional_Topics::Gleason_Grading
GU_Lecture_2_Kidney2,GU Lecture 2 Kidney2,GU,gu_lecture_2_kidney2_v0_1,2,7,6,https://storage.googleapis.com/pathology-hub-0/source_videos/GU_Lecture_2_Kidney2.mp4,GU::Kidney::RCC_Molecular::Fumarate_Hydratase_Deficient_RCC | GU::Kidney::Non_Neoplastic::Xanthogranulomatous_Pyelonephritis
GU_Lecture_3_Kidney3,GU Lecture 3 Kidney3,GU,gu_lecture_3_kidney3_v0_1,2,4,4,https://storage.googleapis.com/pathology-hub-0/source_videos/GU_Lecture_3_Kidney3.mp4,GU::Syndromes::Hereditary_Leiomyomatosis_and_Renal_Cell_Carcinoma_Syndrome | GU::Kidney::RCC_Other::Mucinous_Tubular_and_Spindle_Cell_Carcinoma
GU_Lecture_4_Kidney4,GU Lecture 4 Kidney4,GU,gu_lecture_4_kidney4_v0_1,3,4,2,https://storage.googleapis.com/pathology-hub-0/source_videos/GU_Lecture_4_Kidney4.mp4,GU::Kidney::Mesenchymal_Stromal::Epithelioid_Angiomyolipoma_PEComa
GU_Lecture_5_Testis,GU Lecture 5 Testis,GU,gu_lecture_5_testis_v0_1,0,4,4,https://storage.googleapis.com/pathology-hub-0/source_videos/GU_Lecture_5_Testis.mp4,
GU_Lecture_6_Bladder1,GU Lecture 6 Bladder1,GU,gu_lecture_6_bladder1_v0_1,1,10,5,https://storage.googleapis.com/pathology-hub-0/source_videos/GU_Lecture_6_Bladder1.mp4,GU::Bladder::Non_Neoplastic::Cystitis_Glandularis
GU_Lecture_7_Bladder2,GU Lecture 7 Bladder2,GU,gu_lecture_7_bladder2_v0_1,3,9,4,https://storage.googleapis.com/pathology-hub-0/source_videos/GU_Lecture_7_Bladder2.mp4,GU::Bladder::Urothelial::Flat_Urothelial_Lesions | GU::Bladder::Urothelial::Papillary_Urothelial_Hyperplasia | GU::Bladder::Urothelial::Urothelial_Carcinoma_In_Situ
GU_Lecture_8_Bladder3,GU Lecture 8 Bladder3,GU,gu_lecture_8_bladder3_v0_1,2,12,6,https://storage.googleapis.com/pathology-hub-0/source_videos/GU_Lecture_8_Bladder3.mp4,GU::Bladder::Urothelial::Inverted_Urothelial_Papilloma | GU::Bladder::Urothelial::Papillary_Urothelial_Neoplasm_of_Low_Malignant_Potential
GU_Lecture_9_Bladder4,GU Lecture 9 Bladder4,GU,gu_lecture_9_bladder4_v0_1,0,1,1,https://storage.googleapis.com/pathology-hub-0/source_videos/GU_Lecture_9_Bladder4.mp4,
Gyn_Lecture_10_Ovary4,Gyn Lecture 10 Ovary4,GYN,gyn_lecture_10_ovary4_v0_1,1,5,2,https://storage.googleapis.com/pathology-hub-0/source_videos/Gyn_Lecture_10_Ovary4.mp4,GYN::Ovary::Neoplastic::Germ_Cell::Malignant::Immature_Teratoma
Gyn_Lecture_12_Uterine_Mesenchymal1,Gyn Lecture 12 Uterine Mesenchymal1,GYN,gyn_lecture_12_uterine_mesenchymal1_v0_1,0,3,2,https://storage.googleapis.com/pathology-hub-0/source_videos/Gyn_Lecture_12_Uterine_Mesenchymal1.mp4,
Gyn_Lecture_13_Uterine_Mesenchymal2,Gyn Lecture 13 Uterine Mesenchymal2,GYN,gyn_lecture_13_uterine_mesenchymal2_v0_1,2,2,1,https://storage.googleapis.com/pathology-hub-0/source_videos/Gyn_Lecture_13_Uterine_Mesenchymal2.mp4,GYN::Uterine_Corpus::Mesenchymal::Miscellaneous_Mesenchymal::Perivascular_Epithelioid_Cell_Tumor_PEComa_
Gyn_Lecture_2_Grossing2,Gyn Lecture 2 Grossing2,GYN,gyn_lecture_2_grossing2_v0_1,0,2,1,https://storage.googleapis.com/pathology-hub-0/source_videos/Gyn_Lecture_2_Grossing2.mp4,
Gyn_Lecture_3_Cervix_Glandular,Gyn Lecture 3 Cervix Glandular,GYN,gyn_lecture_3_cervix_glandular_v0_1,1,7,5,https://storage.googleapis.com/pathology-hub-0/source_videos/Gyn_Lecture_3_Cervix_Glandular.mp4,GYN::Cervix::Congenital_Structural::Remnant::Mesonephric_Remnants
Gyn_Lecture_4_Cervix_Squamous,Gyn Lecture 4 Cervix Squamous,GYN,gyn_lecture_4_cervix_squamous_v0_1,1,6,4,https://storage.googleapis.com/pathology-hub-0/source_videos/Gyn_Lecture_4_Cervix_Squamous.mp4,GYN::Cervix::Normal_Histology::Metaplasia::Immature_Squamous_Metaplasia
Gyn_Lecture_5_Endometrium1,Gyn Lecture 5 Endometrium1,GYN,gyn_lecture_5_endometrium1_v0_1,0,4,1,https://storage.googleapis.com/pathology-hub-0/source_videos/Gyn_Lecture_5_Endometrium1.mp4,
Gyn_Lecture_6_Gestational,Gyn Lecture 6 Gestational,GYN,gyn_lecture_6_gestational_v0_1,0,6,4,https://storage.googleapis.com/pathology-hub-0/source_videos/Gyn_Lecture_6_Gestational.mp4,
Gyn_Lecture_7_Ovary1,Gyn Lecture 7 Ovary1,GYN,gyn_lecture_7_ovary1_v0_1,0,9,3,https://storage.googleapis.com/pathology-hub-0/source_videos/Gyn_Lecture_7_Ovary1.mp4,
Gyn_Lecture_8_Ovary2,Gyn Lecture 8 Ovary2,GYN,gyn_lecture_8_ovary2_v0_1,0,1,1,https://storage.googleapis.com/pathology-hub-0/source_videos/Gyn_Lecture_8_Ovary2.mp4,
Gyn_Lecture_9_Ovary3,Gyn Lecture 9 Ovary3,GYN,gyn_lecture_9_ovary3_v0_1,1,5,3,https://storage.googleapis.com/pathology-hub-0/source_videos/Gyn_Lecture_9_Ovary3.mp4,GYN::Ovary::Neoplastic::Mixed::Malignant::Mucinous_Cystic_Tumor_With_Mural_Nodules
HN_Lecture_0_Grossing1,HN Lecture 0 Grossing1,HN,hn_lecture_0_grossing1_v0_1,0,3,3,https://storage.googleapis.com/pathology-hub-0/source_videos/HN_Lecture_0_Grossing1.mp4,
HN_Lecture_0_Grossing2,HN Lecture 0 Grossing2,HN,hn_lecture_0_grossing2_v0_1,0,1,1,https://storage.googleapis.com/pathology-hub-0/source_videos/HN_Lecture_0_Grossing2.mp4,
HN_Lecture_1_Salivary1,HN Lecture 1 Salivary1,HN,hn_lecture_1_salivary1_v0_1,1,3,3,https://storage.googleapis.com/pathology-hub-0/source_videos/HN_Lecture_1_Salivary1.mp4,HN::Salivary_Gland::Malignant_Tumor::Salivary_Duct_Carcinoma
HN_Lecture_2_Salivary2,HN Lecture 2 Salivary2,HN,hn_lecture_2_salivary2_v0_1,4,7,4,https://storage.googleapis.com/pathology-hub-0/source_videos/HN_Lecture_2_Salivary2.mp4,HN::Salivary_Gland::Malignant_Tumor::Adenoid_Cystic_Carcinoma | HN::Salivary_Gland::Malignant_Tumor::Mucoepidermoid_Carcinoma | HN::Salivary_Gland::Malignant_Tumor::Polymorphous_Adenocarcinoma
HN_Lecture_5_Odontogenic,HN Lecture 5 Odontogenic,HN,hn_lecture_5_odontogenic_v0_1,0,2,2,https://storage.googleapis.com/pathology-hub-0/source_videos/HN_Lecture_5_Odontogenic.mp4,
HN_Lecture_6_Oral,HN Lecture 6 Oral,HN,hn_lecture_6_oral_v0_1,2,7,3,https://storage.googleapis.com/pathology-hub-0/source_videos/HN_Lecture_6_Oral.mp4,HN::Oral_Cavity::Inflammatory::Lichen_Planus
HN_Lecture_7_HPV,HN Lecture 7 HPV,HN,hn_lecture_7_hpv_v0_1,0,1,1,https://storage.googleapis.com/pathology-hub-0/source_videos/HN_Lecture_7_HPV.mp4,
yt_pathcast_pathboards_high_yield_molecular_pathology_for_bo_8vtubijae2i,#PATHBOARDS High-Yield Molecular Pathology for Boards: Part 2 (Hematolymphoid Tumors) (pathCast),Heme,yt_pathcast_pathboards_high_yield_molecular_pathology_for_bo_8vtubijae2i_v0_1,2,8,7,https://www.youtube.com/watch?v=8VTUbIjAE2I,Heme::Acute_Myeloid_Leukemia::Genetic_Defined::AML_With_MECOM_Rearrangement | Heme::Myelodysplastic_Neoplasm::Genetic_Defined::MDS_With_Low_Blasts_And_SF3B1_Mutation
Heme_SH_Aggressive_B_Cell,Heme SH Aggressive B Cell,Heme,heme_sh_aggressive_b_cell_v0_1,2,16,4,https://storage.googleapis.com/pathology-hub-0/source_videos/Heme_SH_Aggressive_B_Cell.mp4,Heme::Mature_B_Cell::Large_B_Cell::DLBCL_High_Grade_With_MYC_And_BCL2_Rearrangements
Heme_SH_AML,Heme SH AML,Heme,heme_sh_aml_v0_1,0,5,3,https://storage.googleapis.com/pathology-hub-0/source_videos/Heme_SH_AML.mp4,
Heme_SH_BM_Failure_Syndromes,Heme SH BM Failure Syndromes,Heme,heme_sh_bm_failure_syndromes_v0_1,2,9,3,https://storage.googleapis.com/pathology-hub-0/source_videos/Heme_SH_BM_Failure_Syndromes.mp4,Heme::Genetics::Fanconi_Anemia
Heme_SH_BM_Systemic_Manifestations,Heme SH BM Systemic Manifestations,Heme,heme_sh_bm_systemic_manifestations_v0_1,0,2,2,https://storage.googleapis.com/pathology-hub-0/source_videos/Heme_SH_BM_Systemic_Manifestations.mp4,
Heme_SH_Histiocytic,Heme SH Histiocytic,Heme,heme_sh_histiocytic_v0_1,8,16,7,https://storage.googleapis.com/pathology-hub-0/source_videos/Heme_SH_Histiocytic.mp4,Heme::Histiocytic_Dendritic_Cell::Macrophage::Erdheim_Chester_Disease | Heme::Histiocytic_Dendritic_Cell::Macrophage::Hemophagocytic_Lymphohistiocytosis_HLH | Heme::Histiocytic_Dendritic_Cell::Other_Dendritic::Interdigitating_Dendritic_Cell_Sarcoma | Heme::Histiocytic_Dendritic_Cell::Macrophage::Juvenile_Xanthogranuloma | Heme::Histiocytic_Dendritic_Cell::Macrophage::Rosai_Dorfman_Disease
Heme_SH_Hodgkin_NLP,Heme SH Hodgkin NLP,Heme,heme_sh_hodgkin_nlp_v0_1,8,11,1,https://storage.googleapis.com/pathology-hub-0/source_videos/Heme_SH_Hodgkin_NLP.mp4,Heme::Hodgkin_Lymphoma::Nodular_Lymphocyte_Predominant_Hodgkin_Lymphoma
Heme_SH_Hodgkin_Overview,Heme SH Hodgkin Overview,Heme,heme_sh_hodgkin_overview_v0_1,4,6,3,https://storage.googleapis.com/pathology-hub-0/source_videos/Heme_SH_Hodgkin_Overview.mp4,Heme::Mature_B_Cell::Large_B_Cell::Mediastinal_Grey_Zone_Lymphoma | Heme::Hodgkin_Lymphoma::Nodular_Lymphocyte_Predominant_Hodgkin_Lymphoma
Heme_SH_Hodgkin_T_NK_Cell_1,Heme SH Hodgkin T NK Cell 1,Heme,heme_sh_hodgkin_t_nk_cell_1_v0_1,2,8,3,https://storage.googleapis.com/pathology-hub-0/source_videos/Heme_SH_Hodgkin_T_NK_Cell_1.mp4,Heme::Mature_T_NK_Cell::Anaplastic_Large_Cell::ALK_Positive_Anaplastic_Large_Cell_Lymphoma | Heme::Mature_T_NK_Cell::Other::Peripheral_T_Cell_Lymphoma_NOS
Heme_SH_Hodgkin_T_NK_Cell_2,Heme SH Hodgkin T NK Cell 2,Heme,heme_sh_hodgkin_t_nk_cell_2_v0_1,2,8,5,https://storage.googleapis.com/pathology-hub-0/source_videos/Heme_SH_Hodgkin_T_NK_Cell_2.mp4,Heme::Mature_T_NK_Cell::Anaplastic_Large_Cell::Breast_Implant_Associated_Anaplastic_Large_Cell_Lymphoma | Heme::Mature_T_NK_Cell::EBV_Positive::Systemic_EBV_Positive_T_Cell_Lymphoma_Of_Childhood
Heme_SH_IA_LPD,Heme SH IA LPD,Heme,heme_sh_ia_lpd_v0_1,2,4,3,https://storage.googleapis.com/pathology-hub-0/source_videos/Heme_SH_IA_LPD.mp4,Heme::Immune_Deficiency_Associated::EBV_Positive_Mucocutaneous_Ulcer | Heme::Immune_Deficiency_Associated::Polymorphic_Lymphoproliferative_Disorder
Heme_SH_IHC_for_LPD,Heme SH IHC for LPD,Heme,heme_sh_ihc_for_lpd_v0_1,1,3,3,https://storage.googleapis.com/pathology-hub-0/source_videos/Heme_SH_IHC_for_LPD.mp4,Heme::Mature_B_Cell::Marginal_Zone::Extranodal_Marginal_Zone_Lymphoma_Of_MALT
Heme_SH_MDS_MPN_1,Heme SH MDS MPN 1,Heme,heme_sh_mds_mpn_1_v0_1,0,5,3,https://storage.googleapis.com/pathology-hub-0/source_videos/Heme_SH_MDS_MPN_1.mp4,
Heme_SH_MDS_MPN_2,Heme SH MDS MPN 2,Heme,heme_sh_mds_mpn_2_v0_1,1,5,3,https://storage.googleapis.com/pathology-hub-0/source_videos/Heme_SH_MDS_MPN_2.mp4,Heme::Myelodysplastic_Neoplasm::Genetic_Defined::MDS_With_Low_Blasts_And_5q_Deletion
Heme_SH_MDS_MPN_3,Heme SH MDS MPN 3,Heme,heme_sh_mds_mpn_3_v0_1,0,7,3,https://storage.googleapis.com/pathology-hub-0/source_videos/Heme_SH_MDS_MPN_3.mp4,
Heme_SH_Plasma_Cell,Heme SH Plasma Cell,Heme,heme_sh_plasma_cell_v0_1,1,8,3,https://storage.googleapis.com/pathology-hub-0/source_videos/Heme_SH_Plasma_Cell.mp4,Heme::Plasma_Cell_Neoplasm::Deposition_Disease::Immunoglobulin_Related_Amyloidosis_AL
Heme_SH_PT_LPD,Heme SH PT LPD,Heme,heme_sh_pt_lpd_v0_1,9,16,2,https://storage.googleapis.com/pathology-hub-0/source_videos/Heme_SH_PT_LPD.mp4,Heme::Immune_Deficiency_Associated::Polymorphic_Lymphoproliferative_Disorder | Heme::Immune_Deficiency_Associated::Post_Transplant_Lymphoproliferative_Disorder_PTLD
Heme_SH_Reactive_Lymphoid_Hyperplasia,Heme SH Reactive Lymphoid Hyperplasia,Heme,heme_sh_reactive_lymphoid_hyperplasia_v0_1,0,5,2,https://storage.googleapis.com/pathology-hub-0/source_videos/Heme_SH_Reactive_Lymphoid_Hyperplasia.mp4,
Heme_SH_Small_B_Cell_1_of_2,Heme SH Small B Cell 1 of 2,Heme,heme_sh_small_b_cell_1_of_2_v0_1,2,14,7,https://storage.googleapis.com/pathology-hub-0/source_videos/Heme_SH_Small_B_Cell_1_of_2.mp4,Heme::Mature_B_Cell::Follicular::Duodenal_Type_Follicular_Lymphoma | Heme::Mature_B_Cell::Large_B_Cell::Large_B_Cell_Lymphoma_With_IRF4_Rearrangement
Heme_SH_Small_B_Cell_2_of_2,Heme SH Small B Cell 2 of 2,Heme,heme_sh_small_b_cell_2_of_2_v0_1,2,11,6,https://storage.googleapis.com/pathology-hub-0/source_videos/Heme_SH_Small_B_Cell_2_of_2.mp4,Heme::Mature_B_Cell::Splenic::Hairy_Cell_Leukemia | Heme::Mature_B_Cell::Splenic::Splenic_Marginal_Zone_Lymphoma
Heme_SH_Spleen,Heme SH Spleen,Heme,heme_sh_spleen_v0_1,3,15,4,https://storage.googleapis.com/pathology-hub-0/source_videos/Heme_SH_Spleen.mp4,Heme::Mature_B_Cell::Splenic::Splenic_Diffuse_Red_Pulp_Small_B_Cell_Lymphoma
YT_Skin_B_Cell_Lymphoma_Cassarino,YT Skin B Cell Lymphoma Cassarino,Skin,yt_skin_b_cell_lymphoma_cassarino_v0_1,0,14,7,https://storage.googleapis.com/pathology-hub-0/source_videos/YT_Skin_B_Cell_Lymphoma_Cassarino.mp4,
YT_Skin_Blistering_Fung,YT Skin Blistering Fung,Skin,yt_skin_blistering_fung_v0_1,7,16,13,https://storage.googleapis.com/pathology-hub-0/source_videos/YT_Skin_Blistering_Fung.mp4,Skin::Inflammatory::Blistering::Epidermolysis_Bullosa_Acquisita | Skin::Inflammatory::Blistering::Friction_Blister | Skin::Inflammatory::Blistering::Grover_Disease_Transient_Acantholytic | Skin::Inflammatory::Blistering::Linear_IgA_Bullous_Dermatosis | Skin::Inflammatory::Blistering::Paraneoplastic_Pemphigus | Skin::Inflammatory::Blistering::Pemphigoid_Gestationis | Skin::Inflammatory::Blistering::Pemphigus_Foliaceus
YT_Skin_Common_Disorders_Fung,YT Skin Common Disorders Fung,Skin,yt_skin_common_disorders_fung_v0_1,1,5,5,https://storage.googleapis.com/pathology-hub-0/source_videos/YT_Skin_Common_Disorders_Fung.mp4,Skin::Neoplastic::Epidermal::Malignant::Keratoacanthoma
YT_Skin_Granulomatous_Dermatitis_Fung,YT Skin Granulomatous Dermatitis Fung,Skin,yt_skin_granulomatous_dermatitis_fung_v0_1,11,17,9,https://storage.googleapis.com/pathology-hub-0/source_videos/YT_Skin_Granulomatous_Dermatitis_Fung.mp4,Skin::Inflammatory::Granulomatous::Actinic_Granuloma_Annular_Elastolytic | Skin::Inflammatory::Granulomatous::Granuloma_Annulare | Skin::Inflammatory::Granulomatous::Necrobiosis_Lipoidica | Skin::Inflammatory::Granulomatous::Necrobiotic_Xanthogranuloma | Skin::Inflammatory::Adnexal::Rosacea_Granulomatous | Skin::Inflammatory::Granulomatous::Sarcoidosis_Cutaneous
YT_Skin_IHC_Fung,YT Skin IHC Fung,Skin,yt_skin_ihc_fung_v0_1,0,1,1,https://storage.googleapis.com/pathology-hub-0/source_videos/YT_Skin_IHC_Fung.mp4,
YT_Skin_Interface_Dermatitis_Fung,YT Skin Interface Dermatitis Fung,Skin,yt_skin_interface_dermatitis_fung_v0_1,6,15,8,https://storage.googleapis.com/pathology-hub-0/source_videos/YT_Skin_Interface_Dermatitis_Fung.mp4,Skin::Inflammatory::Interface::Interface_Dermatitis_Overview | Skin::Inflammatory::Interface::Lichen_Nitidus | Skin::Inflammatory::Interface::Lupus_Erythematosus_Subacute_Cutaneous_SCLE | Skin::Inflammatory::Interface::Pityriasis_Lichenoides_PLEVA_PLC | Skin::Inflammatory::Blistering::Stevens_Johnson_Syndrome_Toxic_Epidermal_Necrolysis
YT_Skin_Intro_Fung,YT Skin Intro Fung,Skin,yt_skin_intro_fung_v0_1,0,1,1,https://storage.googleapis.com/pathology-hub-0/source_videos/YT_Skin_Intro_Fung.mp4,
YT_Skin_Melanocytic_Fung,YT Skin Melanocytic Fung,Skin,yt_skin_melanocytic_fung_v0_1,6,12,9,https://storage.googleapis.com/pathology-hub-0/source_videos/YT_Skin_Melanocytic_Fung.mp4,Skin::Neoplastic::Melanocytic::Benign::Dysplastic_Nevus | Skin::Neoplastic::Melanocytic::Malignant::Melanoma_Acral_Lentiginous | Skin::Neoplastic::Melanocytic::Malignant::Melanoma_Desmoplastic | Skin::Melanocytic::Spitz::Pigmented_Spindle_Cell_Nevus | Skin::Melanocytic::Simple_Lentigo_And_Lentiginous_Melanocytic_Nevus
YT_Skin_Melanoma_LeBoit,YT Skin Melanoma LeBoit,Skin,yt_skin_melanoma_leboit_v0_1,0,2,2,https://storage.googleapis.com/pathology-hub-0/source_videos/YT_Skin_Melanoma_LeBoit.mp4,
YT_Skin_Metabolic_and_Connective_Tissue_Junkins,YT Skin Metabolic and Connective Tissue Junkins,Skin,yt_skin_metabolic_and_connective_tissue_junkins_v0_1,0,10,9,https://storage.googleapis.com/pathology-hub-0/source_videos/YT_Skin_Metabolic_and_Connective_Tissue_Junkins.mp4,
YT_Skin_Papulosquamous_and_Spongiotic_Dermatitis_Ko,YT Skin Papulosquamous and Spongiotic Dermatitis Ko,Skin,yt_skin_papulosquamous_and_spongiotic_dermatitis_ko_v0_1,0,5,5,https://storage.googleapis.com/pathology-hub-0/source_videos/YT_Skin_Papulosquamous_and_Spongiotic_Dermatitis_Ko.mp4,
YT_Skin_Perforating_Fung,YT Skin Perforating Fung,Skin,yt_skin_perforating_fung_v0_1,1,6,3,https://storage.googleapis.com/pathology-hub-0/source_videos/YT_Skin_Perforating_Fung.mp4,Skin::Inflammatory::Degenerative::Chondrodermatitis_Nodularis_Helicis
YT_Skin_Perivascular_Dermatitis_Fung,YT Skin Perivascular Dermatitis Fung,Skin,yt_skin_perivascular_dermatitis_fung_v0_1,2,6,6,https://storage.googleapis.com/pathology-hub-0/source_videos/YT_Skin_Perivascular_Dermatitis_Fung.mp4,Skin::Inflammatory::Dermal_Sclerosing::Lichen_Sclerosus_et_Atrophicus | Skin::Inflammatory::Dermal_Sclerosing::Morphea_Localized_Scleroderma
YT_Skin_Psoriasiform_Dermatitis_Fung,YT Skin Psoriasiform Dermatitis Fung,Skin,yt_skin_psoriasiform_dermatitis_fung_v0_1,2,8,8,https://storage.googleapis.com/pathology-hub-0/source_videos/YT_Skin_Psoriasiform_Dermatitis_Fung.mp4,Skin::Congenital_Structural::Maturation_Keratinization::Granular_Parakeratosis | Skin::Inflammatory::Psoriasiform::Psoriasiform_Dermatitis_Overview
YT_Skin_Soft_Tissue_Fung,YT Skin Soft Tissue Fung,Skin,yt_skin_soft_tissue_fung_v0_1,2,7,6,https://storage.googleapis.com/pathology-hub-0/source_videos/YT_Skin_Soft_Tissue_Fung.mp4,Skin::Neoplastic::Soft_Tissue::Muscular::Cutaneous_Leiomyoma_Pilar | Skin::Neoplastic::Soft_Tissue::Neural::Palisaded_Encapsulated_Neuroma
YT_Skin_Spongiotic_Dermatitis_Fung,YT Skin Spongiotic Dermatitis Fung,Skin,yt_skin_spongiotic_dermatitis_fung_v0_1,7,13,10,https://storage.googleapis.com/pathology-hub-0/source_videos/YT_Skin_Spongiotic_Dermatitis_Fung.mp4,Skin::Inflammatory::Spongiotic::Chronic_Spongiotic_Dermatitis_Lichen_Simplex | Skin::Inflammatory::Drug_Eruption::Drug_Reaction_With_Eosinophilia_And_Systemic_Symptoms_DRESS | Skin::Inflammatory::Spongiotic::Dyshidrotic_Eczema_Pompholyx | Skin::Inflammatory::Spongiotic::Eosinophilic_Spongiosis | Skin::Inflammatory::Spongiotic::Nummular_Dermatitis | Skin::Inflammatory::Spongiotic::Stasis_Dermatitis
YT_Skin_T_Cell_Lymphoma_Cassarino,YT Skin T Cell Lymphoma Cassarino,Skin,yt_skin_t_cell_lymphoma_cassarino_v0_1,1,12,6,https://storage.googleapis.com/pathology-hub-0/source_videos/YT_Skin_T_Cell_Lymphoma_Cassarino.mp4,Skin::Neoplastic::Hematolymphoid::Granulomatous_Slack_Skin
YT_Skin_Vacuolar_and_Lichenoid_Interface_Dermatitis_Junkins,YT Skin Vacuolar and Lichenoid Interface Dermatitis Junkins,Skin,yt_skin_vacuolar_and_lichenoid_interface_dermatitis_junkins_v0_1,0,7,5,https://storage.googleapis.com/pathology-hub-0/source_videos/YT_Skin_Vacuolar_and_Lichenoid_Interface_Dermatitis_Junkins.mp4,
YT_Skin_Vascular_Fung,YT Skin Vascular Fung,Skin,yt_skin_vascular_fung_v0_1,12,20,14,https://storage.googleapis.com/pathology-hub-0/source_videos/YT_Skin_Vascular_Fung.mp4,Skin::Depositional_Metabolic::Embolic::Cholesterol_Emboli | Skin::Inflammatory::Vasculitis::Churg_Strauss_Syndrome_EGPA | Skin::Inflammatory::Panniculitis::Erythema_Induratum_Nodular_Vasculitis | Skin::Inflammatory::Vasculitis::Giant_Cell_Arteritis_Temporal | Skin::Inflammatory::Granulomatous::Granuloma_Faciale | Skin::Inflammatory::Vasculitis::Leukocytoclastic_Vasculitis_LCV | Skin::Inflammatory::Vasculitis::Polyarteritis_Nodosa | Skin::Inflammatory::Neutrophilic::Pyoderma_Gangrenosum | Skin::Inflammatory::Neutrophilic::Sweet_Syndrome
YT_Skin_Vasculitis_Johnson,YT Skin Vasculitis Johnson,Skin,yt_skin_vasculitis_johnson_v0_1,1,1,1,https://storage.googleapis.com/pathology-hub-0/source_videos/YT_Skin_Vasculitis_Johnson.mp4,Skin::Inflammatory::Vasculitis::Leukocytoclastic_Vasculitis_LCV
YT_Skin_WHO_Classification_Scoyler,YT Skin WHO Classification Scoyler,Skin,yt_skin_who_classification_scoyler_v0_1,0,1,1,https://storage.googleapis.com/pathology-hub-0/source_videos/YT_Skin_WHO_Classification_Scoyler.mp4,
Thoracic_Lecture_1_Lung_Non_Neoplastic1,Thoracic Lecture 1 Lung Non Neoplastic1,Thorax_Mediastinum,thoracic_lecture_1_lung_non_neoplastic1_v0_1,4,14,6,https://storage.googleapis.com/pathology-hub-0/source_videos/Thoracic_Lecture_1_Lung_Non_Neoplastic1.mp4,Thorax_Mediastinum::Lung::Inflammatory::Airspace::Diffuse_Alveolar_Damage | Thorax_Mediastinum::Lung::Inflammatory::Vasculitis::Granulomatosis_with_Polyangiitis_GPA | Thorax_Mediastinum::Lung::Inflammatory::Granulomatous::Sarcoidosis
