video_id,title,root,package_id,topic_count,segment_count,video_url,topic_tags
yt_nicole_cipriani_bone_soft_tissue_board_review_2026_04_23_nomohth-vty,Bone & Soft Tissue Board Review 2026-04-23 (Nicole Cipriani),BST,yt_nicole_cipriani_bone_soft_tissue_board_review_2026_04_23_nomohth-vty_v0_1,6,6,https://www.youtube.com/watch?v=NOmOHTh-vtY,BST::Soft_Tissue::Uncertain_Diff::Myoepithelioma_Myoepithelial_Carcinoma_and_Mixed_Tumor | BST::Bone::Giant_Cell_Rich::Non_Ossifying_Fibroma | BST::Soft_Tissue::Skeletal_Muscle::Benign::Rhabdomyoma_Adult | BST::Soft_Tissue::Nerve_Sheath::Benign::Schwannoma_Plexiform | BST::Soft_Tissue::Uncertain_Diff::Malignant::Synovial_Sarcoma_Monophasic | BST::Soft_Tissue::Uncertain_Diff::Malignant::Undifferentiated_Round_Cell_Sarcoma_Ewing
BST_Lecture_1_Grossing,BST Lecture 1 Grossing,BST,bst_lecture_1_grossing_v0_1,1,2,https://storage.googleapis.com/pathology-hub-0/source_videos/BST_Lecture_1_Grossing.mp4,BST::Bone::Normal_Histology::Radiologic_Approach_To_Bone_Tumors
BST_Lecture_2_SoftTissue1,BST Lecture 2 SoftTissue1,BST,bst_lecture_2_softtissue1_v0_1,1,1,https://storage.googleapis.com/pathology-hub-0/source_videos/BST_Lecture_2_SoftTissue1.mp4,BST::Soft_Tissue::Fibroblastic::Proliferative_Fasciitis_and_Proliferative_Myositis
BST_Lecture_3_SofTissue2,BST Lecture 3 SofTissue2,BST,bst_lecture_3_softissue2_v0_1,5,7,https://storage.googleapis.com/pathology-hub-0/source_videos/BST_Lecture_3_SofTissue2.mp4,BST::Soft_Tissue::Vascular::Malignant::Angiosarcoma | BST::Soft_Tissue::Adipocytic::Intermediate::Atypical_Lipomatous_Tumor_Well_Differentiated_Liposarcoma | BST::Soft_Tissue::Vascular::Malignant::Epithelioid_Hemangioendothelioma | BST::Soft_Tissue::Vascular::Benign::Hemangioma_Epithelioid | BST::Soft_Tissue::Vascular::Benign::Lobular_Capillary_Hemangioma
BST_Lecture_4_SoftTissue3,BST Lecture 4 SoftTissue3,BST,bst_lecture_4_softtissue3_v0_1,6,10,https://storage.googleapis.com/pathology-hub-0/source_videos/BST_Lecture_4_SoftTissue3.mp4,BST::Soft_Tissue::Skeletal_Muscle::Malignant::Alveolar_Rhabdomyosarcoma | BST::Soft_Tissue::Smooth_Muscle::Benign::Cutaneous_Leiomyoma | BST::Soft_Tissue::Fibroblastic::Malignant::Dermatofibrosarcoma_Protuberans_Fibrosarcomatous | BST::Soft_Tissue::Fibroblastic::Intermediate::Desmoid_Type_Fibromatosis | BST::Soft_Tissue::Uncertain_Diff::Malignant::Extraskeletal_Myxoid_Chondrosarcoma | BST::Soft_Tissue::Fibroblastic::Malignant::Myxofibrosarcoma
BST_Lecture_5_Bone1,BST Lecture 5 Bone1,BST,bst_lecture_5_bone1_v0_1,5,8,https://storage.googleapis.com/pathology-hub-0/source_videos/BST_Lecture_5_Bone1.mp4,BST::Bone::Reactive::Infectious::Osteomyelitis_Acute | BST::Bone::Reactive::Infectious::Osteomyelitis_Chronic | BST::Bone::Osteogenic::Malignant::Osteosarcoma_Periosteal | BST::Bone::Reactive::Metabolic::Paget_Disease | BST::Bone::Normal_Histology::Radiologic_Approach_To_Bone_Tumors
BST_Lecture_6_Bone2,BST Lecture 6 Bone2,BST,bst_lecture_6_bone2_v0_1,5,9,https://storage.googleapis.com/pathology-hub-0/source_videos/BST_Lecture_6_Bone2.mp4,BST::Bone::Chondrogenic::Benign::Enchondroma | BST::Syndromes::Predisposition::Skeletal::Enchondromatosis_Ollier_Maffucci | BST::Bone::Reactive::Structural::Fracture_Callus | BST::Bone::Chondrogenic::Secondary_Peripheral_Atypical_Cartilaginous_Tumor_Chondrosarcoma_Grade_1 | BST::Soft_Tissue::Uncertain_Diff::Malignant::Undifferentiated_Round_Cell_Sarcoma_Ewing
Breast_Lecture_Epithelial Part 1_Chen,Breast Lecture Epithelial,Breast,breast_lecture_epithelial_v0_1,6,25,https://storage.googleapis.com/pathology-hub-0/source_videos/Breast_Lecture_Epithelial%20Part%201_Chen.mp4,Breast::Neoplastic::Epithelial::Precursor::Atypical_Ductal_Hyperplasia_ADH | Breast::Neoplastic::Epithelial::In_Situ::Ductal_Carcinoma_In_Situ_DCIS | Breast::Congenital_Structural::Cyst::Fibrocystic_Changes | Breast::Neoplastic::Epithelial::Precursor::Flat_Epithelial_Atypia | Breast::Neoplastic::Epithelial::In_Situ::Lobular_Carcinoma_In_Situ_LCIS | Breast::Neoplastic::Epithelial::Benign::Usual_Ductal_Hyperplasia_UDH
Breast_Lecture_Fibroepithelial,Breast Lecture Fibroepithelial,Breast,breast_lecture_fibroepithelial_v0_1,7,18,https://storage.googleapis.com/pathology-hub-0/source_videos/Breast_Lecture_Fibroepithelial.mp4,Breast::Neoplastic::Mesenchymal::Low_Grade::Angiomyxoma | Breast::Neoplastic::Fibroepithelial::Benign::Cellular_Fibroadenoma | Breast::Neoplastic::Fibroepithelial::Benign::Juvenile_Fibroadenoma | Breast::Neoplastic::Mesenchymal::Malignant::Liposarcoma | Breast::Congenital_Structural::Hamartoma::Mammary_Hamartoma | Breast::Neoplastic::Metastatic::Malignant::Metastasis_To_Breast | Breast::Neoplastic::Fibroepithelial::Variable_Behavior::Phyllodes_Tumor
Breast_Lecture_Grossing,Breast Lecture Grossing,Breast,breast_lecture_grossing_v0_1,2,2,https://storage.googleapis.com/pathology-hub-0/source_videos/Breast_Lecture_Grossing.mp4,Breast::Congenital_Structural::Cyst::Fibrocystic_Changes | Breast::Neoplastic::Fibroepithelial::Variable_Behavior::Phyllodes_Tumor
Breast_Lecture_IHC,Breast Lecture IHC,Breast,breast_lecture_ihc_v0_1,4,6,https://storage.googleapis.com/pathology-hub-0/source_videos/Breast_Lecture_IHC.mp4,Breast::Neoplastic::Epithelial::In_Situ::Ductal_Carcinoma_In_Situ_DCIS | Breast::Neoplastic::Epithelial::In_Situ::Lobular_Carcinoma_In_Situ_LCIS | Breast::Neoplastic::Epithelial::Malignant::Micropapillary_Carcinoma | Breast::Neoplastic::Epithelial::Malignant::Myoepithelial_Carcinoma
Breast_Lecture_Invasive,Breast Lecture Invasive,Breast,breast_lecture_invasive_v0_1,2,5,https://storage.googleapis.com/pathology-hub-0/source_videos/Breast_Lecture_Invasive.mp4,Breast::Neoplastic::Epithelial::Malignant::Invasive_Lobular_Carcinoma | Breast::Neoplastic::Epithelial::Malignant::Mucinous_Carcinoma
Breast_Lecture_Lobular,Breast Lecture Lobular,Breast,breast_lecture_lobular_v0_1,3,20,https://storage.googleapis.com/pathology-hub-0/source_videos/Breast_Lecture_Lobular.mp4,Breast::Neoplastic::Epithelial::Precursor::Atypical_Lobular_Hyperplasia_ALH | Breast::Neoplastic::Epithelial::In_Situ::Florid_Lobular_Carcinoma_In_Situ | Breast::Neoplastic::Epithelial::In_Situ::Lobular_Carcinoma_In_Situ_LCIS
Breast_Lecture_Papillary,Breast Lecture Papillary,Breast,breast_lecture_papillary_v0_1,5,12,https://storage.googleapis.com/pathology-hub-0/source_videos/Breast_Lecture_Papillary.mp4,Breast::Neoplastic::Epithelial::In_Situ::Ductal_Carcinoma_In_Situ_DCIS | Breast::Neoplastic::Epithelial::Malignant::Encapsulated_Papillary_Carcinoma | Breast::Epithelial::Papillary_Neoplasms::Invasive_Papillary_Carcinoma | Breast::Neoplastic::Epithelial::Malignant::Micropapillary_Carcinoma | Breast::Neoplastic::Epithelial::Malignant::Solid_Papillary_Carcinoma
Breast_Lecture_Prognostics,Breast Lecture Prognostics,Breast,breast_lecture_prognostics_v0_1,3,3,https://storage.googleapis.com/pathology-hub-0/source_videos/Breast_Lecture_Prognostics.mp4,Breast::Neoplastic::Epithelial::In_Situ::Ductal_Carcinoma_In_Situ_DCIS | Breast::Neoplastic::Epithelial::Malignant::Microinvasive_Carcinoma | Breast::Neoplastic::Epithelial::Malignant::Mucinous_Carcinoma
Breast_Lecture_Rad-Path,Breast Lecture Rad-Path,Breast,breast_lecture_rad_path_v0_1,8,10,https://storage.googleapis.com/pathology-hub-0/source_videos/Breast_Lecture_Rad-Path.mp4,Breast::Neoplastic::Epithelial::Precursor::Atypical_Ductal_Hyperplasia_ADH | Breast::Neoplastic::Epithelial::In_Situ::Ductal_Carcinoma_In_Situ_DCIS | Breast::Congenital_Structural::Mechanical::Epithelial_Displacement_Biopsy_Site | Breast::Neoplastic::Epithelial::Precursor::Flat_Epithelial_Atypia | Breast::Neoplastic::Epithelial::In_Situ::Lobular_Carcinoma_In_Situ_LCIS | Breast::Neoplastic::Epithelial::Malignant::Micropapillary_Carcinoma | Breast::Neoplastic::Epithelial::Malignant::Mucinous_Carcinoma | Breast::Inflammatory::Reactive::Mucocele_Like_Lesion
Breast_Lecture_SpindleCell,Breast Lecture SpindleCell,Breast,breast_lecture_spindlecell_v0_1,3,15,https://storage.googleapis.com/pathology-hub-0/source_videos/Breast_Lecture_SpindleCell.mp4,Breast::Neoplastic::Epithelial::Malignant::Metaplastic_Carcinoma | Breast::Neoplastic::Fibroepithelial::Variable_Behavior::Phyllodes_Tumor | Breast::Mesenchymal::Vascular_Tumors::Primary_Angiosarcoma_of_the_Breast
Breast_Lecture_Treated,Breast Lecture Treated,Breast,breast_lecture_treated_v0_1,1,2,https://storage.googleapis.com/pathology-hub-0/source_videos/Breast_Lecture_Treated.mp4,Breast::Neoplastic::Epithelial::In_Situ::Ductal_Carcinoma_In_Situ_DCIS
YT_Cyto_Cervical_Goulart,YT Cyto Cervical Goulart,Cytopathology,yt_cyto_cervical_goulart_v0_1,2,3,https://storage.googleapis.com/pathology-hub-0/source_videos/YT_Cyto_Cervical_Goulart.mp4,Cyto_GYN::Glandular::Carcinoma::Adenocarcinoma_Endocervical_Mesonephric | Cyto_GYN::Glandular::Atypical_Endocervical_Cells_Favor_Neoplastic
YT_Cyto_Cervix_Giovanni,YT Cyto Cervix Giovanni,Cytopathology,yt_cyto_cervix_giovanni_v0_1,2,2,https://storage.googleapis.com/pathology-hub-0/source_videos/YT_Cyto_Cervix_Giovanni.mp4,Cyto_GYN::Squamous::Atypical_Squamous_Cells_Undetermined_Significance_ASCUS | Cyto_Management::Ancillary_Testing::HPV_Testing
YT_Cyto_Lung_Lozano,YT Cyto Lung Lozano,Cytopathology,yt_cyto_lung_lozano_v0_1,4,9,https://storage.googleapis.com/pathology-hub-0/source_videos/YT_Cyto_Lung_Lozano.mp4,Cyto_Management::Technique::Endoscopic_Ultrasound_Guided_Fine_Needle_Aspiration_EUS_FNA | Cyto_Management::Ancillary_Testing::Fluorescence_In_Situ_Hybridization_FISH | Cyto_Management::Ancillary_Testing::Immunocytochemistry_IHC | Cyto_Management::Technique::Rapid_On_Site_Evaluation_ROSE
YT_Cyto_Lung_Schmitt,YT Cyto Lung Schmitt,Cytopathology,yt_cyto_lung_schmitt_v0_1,4,4,https://storage.googleapis.com/pathology-hub-0/source_videos/YT_Cyto_Lung_Schmitt.mp4,Cyto_Management::Technique::Endoscopic_Ultrasound_Guided_Fine_Needle_Aspiration_EUS_FNA | Cyto_Management::Ancillary_Testing::Molecular_Sequencing_BRAF_KRAS_etc | Cyto_Management::Technique::Rapid_On_Site_Evaluation_ROSE | Cyto_Thoracic::Malignant::Neuroendocrine::Carcinoid_Tumor_Atypical
YT_Cyto_Lymph_Kloboves,YT Cyto Lymph Kloboves,Cytopathology,yt_cyto_lymph_kloboves_v0_1,7,8,https://storage.googleapis.com/pathology-hub-0/source_videos/YT_Cyto_Lymph_Kloboves.mp4,Cyto_Heme::Malignant::B_Cell_Small::Follicular_Lymphoma_Low_Grade | Cyto_Heme::Malignant::B_Cell_Small::Mantle_Cell_Lymphoma_Classic | Cyto_Heme::Malignant::Hodgkin::Nodular_Lymphocyte_Predominant_HL | Cyto_Heme::Malignant::B_Cell_Large::Plasmablastic_Lymphoma | Cyto_Heme::Benign_Reactive::General::Reactive_Lymphoid_Hyperplasia_Follicular | Cyto_Management::Ancillary_Testing::Flow_Cytometry | Cyto_Salivary::Pattern::Epithelial_Proliferation_With_Lymphoid_Background
YT_Cyto_Lymph_WHO_Field,YT Cyto Lymph WHO Field,Cytopathology,yt_cyto_lymph_who_field_v0_1,3,4,https://storage.googleapis.com/pathology-hub-0/source_videos/YT_Cyto_Lymph_WHO_Field.mp4,Cyto_Management::Technique::Cell_Block_Preparation | Cyto_Management::Technique::Rapid_On_Site_Evaluation_ROSE | Cyto_Thyroid::Pattern::Dispersed_Hypercellular_Lymph_Node_Like
YT_Cyto_Pancreas_Cyst_Pitman,YT Cyto Pancreas Cyst Pitman,Cytopathology,yt_cyto_pancreas_cyst_pitman_v0_1,1,1,https://storage.googleapis.com/pathology-hub-0/source_videos/YT_Cyto_Pancreas_Cyst_Pitman.mp4,Cyto_Pancreatobiliary::Malignant::Neuroendocrine::Neuroendocrine_Tumor_Lipid_Rich
YT_Cyto_Pancreas_Reid,YT Cyto Pancreas Reid,Cytopathology,yt_cyto_pancreas_reid_v0_1,7,10,https://storage.googleapis.com/pathology-hub-0/source_videos/YT_Cyto_Pancreas_Reid.mp4,Cyto_Pancreatobiliary::Malignant::Neuroendocrine::Neuroendocrine_Tumor_Lipid_Rich | Cyto_Pancreatobiliary::Benign_Reactive::Normal::Normal_Ductal_Cells | Cyto_Pancreatobiliary::Malignant::Ductal::Pancreatic_Ductal_Adenocarcinoma_Foamy_Gland | Cyto_Pancreatobiliary::Malignant::Ductal::Pancreatic_Ductal_Adenocarcinoma_Osteoclast_Giant_Cells | Cyto_Pancreatobiliary::Malignant::Ductal::Pancreatic_Ductal_Adenocarcinoma_Undifferentiated_Anaplastic | Cyto_Pancreatobiliary::Malignant::Solid_Pseudopapillary_Neoplasm | Cyto_Pancreatobiliary::Malignant::Solid_Pseudopapillary::Solid_Pseudopapillary_Neoplasm_SPN
YT_Cyto_Paris_Bubendorf,YT Cyto Paris Bubendorf,Cytopathology,yt_cyto_paris_bubendorf_v0_1,8,11,https://storage.googleapis.com/pathology-hub-0/source_videos/YT_Cyto_Paris_Bubendorf.mp4,Cyto_Management::Ancillary_Testing::Fluorescence_In_Situ_Hybridization_FISH | Cyto_Urinary::Category::Atypical_Urothelial_Cells_AUC | Cyto_Urinary::Specimen_Type::Catheterized_Urine | Cyto_Urinary::Pattern::Degenerated_Atypical_Cells | Cyto_Urinary::Category::High_Grade_Urothelial_Carcinoma_HGUC | Cyto_Urinary::Category::Low_Grade_Urothelial_Neoplasm_LGUN | Cyto_Urinary::Infectious::Viral::Polyomavirus_Decoy_Cells | Cyto_Urinary::Category::Suspicious_For_High_Grade_Urothelial_Carcinoma_SHGUC
YT_Cyto_Peds_Barroca,YT Cyto Peds Barroca,Cytopathology,yt_cyto_peds_barroca_v0_1,4,5,https://storage.googleapis.com/pathology-hub-0/source_videos/YT_Cyto_Peds_Barroca.mp4,Cyto_Heme::Malignant::Metastatic::Small_Round_Blue_Cell_Tumor_Neuroblastoma | Cyto_Kidney::Malignant::Pediatric::Wilms_Tumor_Nephroblastoma | Cyto_Soft_Tissue::Malignant::Round_Cell::Ewing_Sarcoma | Cyto_Thoracic::Malignant::Other::Primary_Germ_Cell_Tumours_Mediastinum
YT_Cyto_Salivary_Chen,YT Cyto Salivary Chen,Cytopathology,yt_cyto_salivary_chen_v0_1,1,1,https://storage.googleapis.com/pathology-hub-0/source_videos/YT_Cyto_Salivary_Chen.mp4,Cyto_Salivary::NonNeoplastic::Reactive::Intraparotid_Lymph_Node
YT_Cyto_Salivary_Faquin,YT Cyto Salivary Faquin,Cytopathology,yt_cyto_salivary_faquin_v0_1,2,2,https://storage.googleapis.com/pathology-hub-0/source_videos/YT_Cyto_Salivary_Faquin.mp4,Cyto_Management::Technique::Endoscopic_Ultrasound_Guided_Fine_Needle_Aspiration_EUS_FNA | Cyto_Salivary::Category::Salivary_Gland_Neoplasm_Uncertain_Malignant_Potential_SUMP
YT_Cyto_Serous_Chandra,YT Cyto Serous Chandra,Cytopathology,yt_cyto_serous_chandra_v0_1,2,2,https://storage.googleapis.com/pathology-hub-0/source_videos/YT_Cyto_Serous_Chandra.mp4,Cyto_Fluids::Benign_Reactive::Mesothelial::Reactive_Mesothelial_Proliferation | Cyto_Management::Ancillary_Testing::Immunocytochemistry_IHC
YT_Cyto_Thyroid_Bongiovanni,YT Cyto Thyroid Bongiovanni,Cytopathology,yt_cyto_thyroid_bongiovanni_v0_1,4,10,https://storage.googleapis.com/pathology-hub-0/source_videos/YT_Cyto_Thyroid_Bongiovanni.mp4,Cyto_Management::Ancillary_Testing::Molecular_Sequencing_BRAF_KRAS_etc | Cyto_Thyroid::Category::Benign_Follicular_Nodule | Cyto_Thyroid::Category::Follicular_Neoplasm_Suspicious_FN_SFN | Cyto_Thyroid::Intermediate::Noninvasive_Follicular_Thyroid_Neoplasm_NIFTP
YT_Cyto_Thyroid_Nishino,YT Cyto Thyroid Nishino,Cytopathology,yt_cyto_thyroid_nishino_v0_1,4,8,https://storage.googleapis.com/pathology-hub-0/source_videos/YT_Cyto_Thyroid_Nishino.mp4,Cyto_Management::Ancillary_Testing::Molecular_Sequencing_BRAF_KRAS_etc | Cyto_Thyroid::Category::Atypia_Undetermined_Significance_AUS_FLUS | Cyto_Thyroid::Category::Follicular_Neoplasm_Suspicious_FN_SFN | Cyto_Thyroid::Malignant::Papillary::Papillary_Thyroid_Carcinoma_Follicular_Variant
YT_Cyto_Thyroid_Rossi,YT Cyto Thyroid Rossi,Cytopathology,yt_cyto_thyroid_rossi_v0_1,4,5,https://storage.googleapis.com/pathology-hub-0/source_videos/YT_Cyto_Thyroid_Rossi.mp4,Cyto_Thyroid::Malignant::Other::Carcinoma_Showing_Thymus_Like_Differentiation_CASTLE | Cyto_Thyroid::Other::Langerhans_Cell_Histiocytosis_Thyroid | Cyto_Thyroid::Malignant::Other::Mucoepidermoid_Carcinoma_Sclerosing | Cyto_Thyroid::Intermediate::Noninvasive_Follicular_Thyroid_Neoplasm_NIFTP
GI_Lecture_0_Gross_Liver,GI Lecture 0 Gross Liver,GI,gi_lecture_0_gross_liver_v0_1,1,3,https://storage.googleapis.com/pathology-hub-0/source_videos/GI_Lecture_0_Gross_Liver.mp4,GI::Liver::Inflammatory::Viral::Hepatic_EBV_CMV_HSV_Hepatitis
GI_Lecture_1_Liver1,GI Lecture 1 Liver1,GI,gi_lecture_1_liver1_v0_1,3,3,https://storage.googleapis.com/pathology-hub-0/source_videos/GI_Lecture_1_Liver1.mp4,GI::Stomach::Inflammatory::Gastritis::Gastric_Granulomatous_Gastritis | GI::Liver::Inflammatory::Autoimmune::Hepatic_Autoimmune_Hepatitis_Overlap_Syndromes | GI::Liver::Inflammatory::Viral::Hepatic_EBV_CMV_HSV_Hepatitis
GI_Lecture_10_Colon,GI Lecture 10 Colon,GI,gi_lecture_10_colon_v0_1,8,10,https://storage.googleapis.com/pathology-hub-0/source_videos/GI_Lecture_10_Colon.mp4,GI::Appendix::Neoplastic::Mucinous::Appendiceal_Mucinous_Adenocarcinoma_Invasive | GI::Colon::Neoplastic::Adenocarcinoma::Colonic_Adenocarcinoma_Arising_In_Adenoma | GI::Colon::Congenital_Structural::Structural::Colonic_Solitary_Rectal_Ulcer_SyndROME_Prolapse | GI::Colon::Polyp::Serrated::Colorectal_Hyperplastic_Polyp_Overview | GI::Syndrome::Polyposis::Adenomatous::Familial_Adenomatous_Polyposis_APC | GI::Colon::Polyp::Hamartoma::Juvenile_Polyp | GI::Syndrome::Polyposis::Hamartomatous::Juvenile_Polyposis_Syndrome | GI::Small_Intestine::Polyp::Hamartoma::Small_Intestinal_Peutz_Jeghers_Type_Polyp
GI_Lecture_11_Esophagus,GI Lecture 11 Esophagus,GI,gi_lecture_11_esophagus_v0_1,3,6,https://storage.googleapis.com/pathology-hub-0/source_videos/GI_Lecture_11_Esophagus.mp4,GI::Esophagus::Inflammatory::Esophagitis::Esophageal_Eosinophilic_Esophagitis | GI::Esophagus::Inflammatory::Infectious::Esophageal_Herpes_Simplex_Virus_Esophagitis | GI::Esophagus::Inflammatory::Esophagitis::Esophageal_Reflux_Esophagitis_GERD
GI_Lecture_12_SmallIntestine,GI Lecture 12 SmallIntestine,GI,gi_lecture_12_smallintestine_v0_1,8,10,https://storage.googleapis.com/pathology-hub-0/source_videos/GI_Lecture_12_SmallIntestine.mp4,GI::Small_Intestine::Neoplastic::Adenocarcinoma::Ampullary_Adenocarcinoma_Pancreatobiliary_Type | GI::GENETICS::Syndromes::Peutz_Jeghers_Syndrome | GI::Small_Intestine::Polyp::Hamartoma::Small_Intestinal_Brunner_Gland_Hamartoma | GI::Small_Intestine::Inflammatory::Malabsorption::Small_Intestinal_Celiac_Disease | GI::Small_Intestine::Neoplastic::Neuroendocrine::Small_Intestinal_Neuroendocrine_Tumor_Well_Differentiated | GI::Small_Intestine::Inflammatory::Injury::Small_Intestinal_Peptic_Duodenitis | GI::Small_Intestine::Polyp::Hamartoma::Small_Intestinal_Peutz_Jeghers_Type_Polyp | GI::Small_Intestine::Infectious::Bacterial::Small_Intestinal_Whipple_Disease
GI_Lecture_13_Stomach2,GI Lecture 13 Stomach2,GI,gi_lecture_13_stomach2_v0_1,8,13,https://storage.googleapis.com/pathology-hub-0/source_videos/GI_Lecture_13_Stomach2.mp4,GI::Stomach::Inflammatory::Gastritis::Gastric_Chronic_Helicobacter_Pylori_Gastritis | GI::Stomach::Inflammatory::Gastritis::Gastric_Collagenous_Gastritis | GI::Stomach::Inflammatory::Gastritis::Gastric_Eosinophilic_Gastritis | GI::Stomach::Inflammatory::Gastritis::Gastric_Granulomatous_Gastritis | GI::Stomach::Depositional_Metabolic::Gastric_Iron_Pill_Induced_Gastropathy | GI::Stomach::Inflammatory::Gastritis::Gastric_Lymphocytic_Gastritis_Celiac_Associated | GI::Stomach::Depositional_Metabolic::Gastric_Mucosal_Calcinosis | GI::Stomach::Neoplastic::Neuroendocrine::Gastric_Neuroendocrine_Tumor_Type_1_Autoimmune
GI_Lecture_2_Liver2,GI Lecture 2 Liver2,GI,gi_lecture_2_liver2_v0_1,1,1,https://storage.googleapis.com/pathology-hub-0/source_videos/GI_Lecture_2_Liver2.mp4,GI::Biliary::Inflammatory::Cholecystitis::Gallbladder_Cholelithiasis
GI_Lecture_3_Liver3,GI Lecture 3 Liver3,GI,gi_lecture_3_liver3_v0_1,1,1,https://storage.googleapis.com/pathology-hub-0/source_videos/GI_Lecture_3_Liver3.mp4,GI::Hepatobiliary::Benign_Hepatocellular::Focal_Nodular_Hyperplasia_of_the_Liver
GI_Lecture_4_Peds1,GI Lecture 4 Peds1,GI,gi_lecture_4_peds1_v0_1,2,7,https://storage.googleapis.com/pathology-hub-0/source_videos/GI_Lecture_4_Peds1.mp4,GI::Colon::Congenital_Structural::Aganglionosis::Colonic_Hirschsprung_Disease | GI::Small_Intestine::Congenital_Structural::Mechanical::Microvillus_Inclusion_Disease
GI_Lecture_5_Peds2,GI Lecture 5 Peds2,GI,gi_lecture_5_peds2_v0_1,3,4,https://storage.googleapis.com/pathology-hub-0/source_videos/GI_Lecture_5_Peds2.mp4,GI::General::Neoplastic::Metastatic::Carcinoma_Of_Unknown_Primary_CUP | GI::Mesenchymal::Uncertain_Diff::Embryonal_Sarcoma_of_the_Liver | GI::Mesenchymal::Vascular_Perivascular::Epithelioid_Hemangioendothelioma_prev_Vascular_Tumors_in_Liver
GI_Lecture_7_IBD,GI Lecture 7 IBD,GI,gi_lecture_7_ibd_v0_1,3,5,https://storage.googleapis.com/pathology-hub-0/source_videos/GI_Lecture_7_IBD.mp4,GI::Colon::Neoplastic::IBD_Associated::Colonic_Dysplasia_And_IBD_Related_Adenocarcinoma | GI::Colon::Inflammatory::Injury::Colonic_Medication_Induced_Enterocolitis | GI::Stomach::Inflammatory::Gastritis::Gastric_Collagenous_Gastritis
GI_Lecture_8_Pancreas,GI Lecture 8 Pancreas,GI,gi_lecture_8_pancreas_v0_1,5,10,https://storage.googleapis.com/pathology-hub-0/source_videos/GI_Lecture_8_Pancreas.mp4,GI::Pancreas::Neoplastic::Cystic::Pancreatic_Intraductal_Oncocytic_Papillary_Neoplasm_IOPN | GI::Pancreas::Neoplastic::Cystic::Pancreatic_Intraductal_Tubulopapillary_Neoplasm_ITPN | GI::Pancreas::Neoplastic::Cystic::Pancreatic_Mucinous_Cystic_Neoplasm | GI::Pancreas::Neoplastic::Cystic::Pancreatic_Simple_Mucinous_Cyst | GI::Pancreas::Neoplastic::Precursor::PanIN_Pancreatic_Intraepithelial_Neoplasia
GI_Lecture_9_Stomach1,GI Lecture 9 Stomach1,GI,gi_lecture_9_stomach1_v0_1,5,5,https://storage.googleapis.com/pathology-hub-0/source_videos/GI_Lecture_9_Stomach1.mp4,GI::Stomach::Benign_Precursors::Fundic_Gland_Polyps | GI::Stomach::Polyp::Adenoma::Gastric_Adenoma_With_Dysplasia_NOS | GI::Stomach::Polyp::Epithelial::Gastric_Fundic_Gland_Polyp | GI::Stomach::Polyp::Hamartoma::Gastric_Peutz_Jeghers_Type_Polyp | GI::Stomach::Benign_Precursors::Oxyntic_Gland_Adenoma
YT_GI_Barretts_Esophagus_Goldblum,YT GI Barretts Esophagus Goldblum,GI,yt_gi_barretts_esophagus_goldblum_v0_1,2,2,https://storage.googleapis.com/pathology-hub-0/source_videos/YT_GI_Barretts_Esophagus_Goldblum.mp4,GI::Appendix::Inflammatory::Chronic_Granulomatous::Appendiceal_Crohn_Disease | GI::Small_Intestine::Inflammatory::Malabsorption::Small_Intestinal_CVID_Enteropathy
YT_GI_Colon_Cancer_Dhall,YT GI Colon Cancer Dhall,GI,yt_gi_colon_cancer_dhall_v0_1,2,2,https://storage.googleapis.com/pathology-hub-0/source_videos/YT_GI_Colon_Cancer_Dhall.mp4,GI::Colon::Neoplastic::IBD_Associated::Colonic_Dysplasia_And_IBD_Related_Adenocarcinoma | GI::Small_Intestine::Inflammatory::Malabsorption::Small_Intestinal_CVID_Enteropathy
YT_GI_Colorectal_Polyp_Pai,YT GI Colorectal Polyp Pai,GI,yt_gi_colorectal_polyp_pai_v0_1,3,3,https://storage.googleapis.com/pathology-hub-0/source_videos/YT_GI_Colorectal_Polyp_Pai.mp4,GI::Appendix::Inflammatory::Chronic_Granulomatous::Appendiceal_Crohn_Disease | GI::Colon::Neoplastic::IBD_Associated::Colonic_Dysplasia_And_IBD_Related_Adenocarcinoma | GI::Small_Intestine::Inflammatory::Malabsorption::Small_Intestinal_CVID_Enteropathy
YT_GI_Colorectal_Polyps_Pai,YT GI Colorectal Polyps Pai,GI,yt_gi_colorectal_polyps_pai_v0_1,3,4,https://storage.googleapis.com/pathology-hub-0/source_videos/YT_GI_Colorectal_Polyps_Pai.mp4,GI::Appendix::Neoplastic::Mucinous::Appendiceal_Mucinous_Adenocarcinoma_Invasive | GI::Colon::Polyp::Serrated::Colorectal_Hyperplastic_Polyp_Overview | GI::Syndrome::Polyposis::Serrated::Serrated_Polyposis
YT_GI_Gastric_Polyps_Montgomery,YT GI Gastric Polyps Montgomery,GI,yt_gi_gastric_polyps_montgomery_v0_1,2,3,https://storage.googleapis.com/pathology-hub-0/source_videos/YT_GI_Gastric_Polyps_Montgomery.mp4,GI::Stomach::Inflammatory::Gastritis::Gastric_Autoimmune_Metaplastic_Atrophic_Gastritis_AMAG | GI::Stomach::Polyp::Hamartoma::Gastric_Juvenile_Type_Polyp
YT_GI_Iatrogenic_Montgomery,YT GI Iatrogenic Montgomery,GI,yt_gi_iatrogenic_montgomery_v0_1,2,3,https://storage.googleapis.com/pathology-hub-0/source_videos/YT_GI_Iatrogenic_Montgomery.mp4,GI::Esophagus::Inflammatory::Injury::Esophageal_Pill_Induced_Esophagitis | GI::Stomach::Depositional_Metabolic::Gastric_Iron_Pill_Induced_Gastropathy
YT_GI_IBD_Gonzalez,YT GI IBD Gonzalez,GI,yt_gi_ibd_gonzalez_v0_1,2,2,https://storage.googleapis.com/pathology-hub-0/source_videos/YT_GI_IBD_Gonzalez.mp4,GI::Appendix::Inflammatory::Chronic_Granulomatous::Appendiceal_Crohn_Disease | GI::Small_Intestine::Inflammatory::Malabsorption::Small_Intestinal_CVID_Enteropathy
YT_GI_IBD_Related_Dysplasia,YT GI IBD Related Dysplasia,GI,yt_gi_ibd_related_dysplasia_v0_1,1,4,https://storage.googleapis.com/pathology-hub-0/source_videos/YT_GI_IBD_Related_Dysplasia.mp4,GI::Colon::Neoplastic::IBD_Associated::Colonic_Dysplasia_And_IBD_Related_Adenocarcinoma
YT_GI_Luminal_Biopsy_Furth,YT GI Luminal Biopsy Furth,GI,yt_gi_luminal_biopsy_furth_v0_1,2,2,https://storage.googleapis.com/pathology-hub-0/source_videos/YT_GI_Luminal_Biopsy_Furth.mp4,GI::Appendix::Inflammatory::Chronic_Granulomatous::Appendiceal_Crohn_Disease | GI::Small_Intestine::Inflammatory::Malabsorption::Small_Intestinal_CVID_Enteropathy
YT_GI_Lymphomas_Cruise,YT GI Lymphomas Cruise,GI,yt_gi_lymphomas_cruise_v0_1,2,2,https://storage.googleapis.com/pathology-hub-0/source_videos/YT_GI_Lymphomas_Cruise.mp4,GI::Appendix::Inflammatory::Chronic_Granulomatous::Appendiceal_Crohn_Disease | GI::Small_Intestine::Inflammatory::Malabsorption::Small_Intestinal_CVID_Enteropathy
YT_GI_Mesenchymal_Montgomery,YT GI Mesenchymal Montgomery,GI,yt_gi_mesenchymal_montgomery_v0_1,2,2,https://storage.googleapis.com/pathology-hub-0/source_videos/YT_GI_Mesenchymal_Montgomery.mp4,GI::Appendix::Inflammatory::Chronic_Granulomatous::Appendiceal_Crohn_Disease | GI::Small_Intestine::Inflammatory::Malabsorption::Small_Intestinal_CVID_Enteropathy
YT_GI_Non_IBD_Colitis_Allende_SLIDE_SESSION,YT GI Non IBD Colitis Allende SLIDE SESSION,GI,yt_gi_non_ibd_colitis_allende_slide_session_v0_1,2,2,https://storage.googleapis.com/pathology-hub-0/source_videos/YT_GI_Non_IBD_Colitis_Allende_SLIDE_SESSION.mp4,GI::Appendix::Inflammatory::Chronic_Granulomatous::Appendiceal_Crohn_Disease | GI::Small_Intestine::Inflammatory::Malabsorption::Small_Intestinal_CVID_Enteropathy
YT_GI_Pancreas_Neoplastic_Hruben,YT GI Pancreas Neoplastic Hruben,GI,yt_gi_pancreas_neoplastic_hruben_v0_1,1,1,https://storage.googleapis.com/pathology-hub-0/source_videos/YT_GI_Pancreas_Neoplastic_Hruben.mp4,GI::Pancreas::Neoplastic::Precursor::PanIN_Pancreatic_Intraepithelial_Neoplasia
YT_GI_Pancreas_Solid_Basturk,YT GI Pancreas Solid Basturk,GI,yt_gi_pancreas_solid_basturk_v0_1,2,2,https://storage.googleapis.com/pathology-hub-0/source_videos/YT_GI_Pancreas_Solid_Basturk.mp4,GI::Appendix::Inflammatory::Chronic_Granulomatous::Appendiceal_Crohn_Disease | GI::Small_Intestine::Inflammatory::Malabsorption::Small_Intestinal_CVID_Enteropathy
YT_GI_Vascular_Allende,YT GI Vascular Allende,GI,yt_gi_vascular_allende_v0_1,2,2,https://storage.googleapis.com/pathology-hub-0/source_videos/YT_GI_Vascular_Allende.mp4,GI::Appendix::Inflammatory::Chronic_Granulomatous::Appendiceal_Crohn_Disease | GI::Small_Intestine::Inflammatory::Malabsorption::Small_Intestinal_CVID_Enteropathy
yt_pathcast_pathboards_high_yield_gu_pathology_for_boards_eubhjs0r8gs,#PATHBOARDS HIGH - YIELD GU PATHOLOGY FOR BOARDS (pathCast),GU,yt_pathcast_pathboards_high_yield_gu_pathology_for_boards_eubhjs0r8gs_v0_1,7,10,https://www.youtube.com/watch?v=eubHjS0r8gs,GU::Kidney::Renal_cell::Clear_Cell_RCC | GU::Kidney::RCC_Molecular::ELOC_Mutated_RCC | GU::Kidney::Renal_cell::ELOC_TCEB1_Mutated_Renal_Cell_Carcinoma | GU::Testis::Germ_Cell_Tumors::Embryonal_Carcinoma | GU::Kidney::Renal_cell::SDH_Deficient_Renal_Cell_Carcinoma | GU::Testis::Germ_Cell_Tumors::Seminoma | GU::Kidney::RCC_Molecular::TFEB_altered_RCC
GU_Lecture_1_Kidney1,GU Lecture 1 Kidney1,GU,gu_lecture_1_kidney1_v0_1,4,4,https://storage.googleapis.com/pathology-hub-0/source_videos/GU_Lecture_1_Kidney1.mp4,GU::Kidney::RCC_Other::Chromophobe_Renal_Cell_Carcinoma | GU::Kidney::RCC_Other::Clear_Cell_Papillary_Renal_Cell_Tumor | GU::Prostate::Additional_Topics::Gleason_Grading | GU::Kidney::Renal_cell::Multilocular_Cystic_Renal_Neoplasm_of_Low_Malignant_Potential
GU_Lecture_10_Prostate1,GU Lecture 10 Prostate1,GU,gu_lecture_10_prostate1_v0_1,6,8,https://storage.googleapis.com/pathology-hub-0/source_videos/GU_Lecture_10_Prostate1.mp4,GU::Prostate::Additional_Topics::Gleason_Grading | GU::Prostate::Additional_Topics::Margins | GU::Prostate::Inflammatory::Post_Biopsy_Changes | GU::Prostate::Glandular_neoplasms::Prostatic_Acinar_Adenocarcinoma | GU::Prostate::Squamous_Neoplasms::Prostatic_Stromal_Tumor_of_Uncertain_Malignant_Potential | GU::Prostate::Therapy_Effects::Radiation
GU_Lecture_11_Prostate2,GU Lecture 11 Prostate2,GU,gu_lecture_11_prostate2_v0_1,3,5,https://storage.googleapis.com/pathology-hub-0/source_videos/GU_Lecture_11_Prostate2.mp4,GU::Prostate::Benign::Basal_Cell_Hyperplasia | GU::Prostate::Glandular_neoplasms::High_Grade_Prostatic_Intraepithelial_Neoplasia | GU::Prostate::Histology_&_Anatomy::Histology_&_Anatomy_of_Prostate_Gland
GU_Lecture_12_Prostate3,GU Lecture 12 Prostate3,GU,gu_lecture_12_prostate3_v0_1,6,7,https://storage.googleapis.com/pathology-hub-0/source_videos/GU_Lecture_12_Prostate3.mp4,GU::Prostate::Benign::Atrophy | GU::Prostate::Benign::Basal_Cell_Hyperplasia | GU::Prostate::Benign::Clear_Cell_Cribriform_Hyperplasia | GU::Prostate::Glandular_neoplasms::Pseudohyperplastic_Prostatic_Adenocarcinoma | GU::Prostate::Benign::Sclerosing_Adenosis | GU::Prostate::Glandular_neoplasms::Treatment_Related_Neuroendocrine_Prostate_Cancer
GU_Lecture_13_Prostate4,GU Lecture 13 Prostate4,GU,gu_lecture_13_prostate4_v0_1,3,21,https://storage.googleapis.com/pathology-hub-0/source_videos/GU_Lecture_13_Prostate4.mp4,GU::Prostate::Additional_Topics::Gleason_Grading | GU::Prostate::Benign::Large_&_Cribriform_Gland_Patterns | GU::Prostate::Benign::Nonglandular_Patterns
GU_Lecture_2_Kidney2,GU Lecture 2 Kidney2,GU,gu_lecture_2_kidney2_v0_1,6,7,https://storage.googleapis.com/pathology-hub-0/source_videos/GU_Lecture_2_Kidney2.mp4,GU::Kidney::Renal_cell::Clear_Cell_RCC | GU::Kidney::RCC_Molecular::Fumarate_Hydratase_Deficient_RCC | GU::Kidney::Non_Neoplastic::Renal_Malakoplakia | GU::Kidney::RCC_Molecular::TFE3_rearranged_RCC | GU::Kidney::Medical_Kidney_Disease::Glomerular::Acellular_Closure::Thrombotic_Microangiopathy | GU::Kidney::Non_Neoplastic::Xanthogranulomatous_Pyelonephritis
GU_Lecture_3_Kidney3,GU Lecture 3 Kidney3,GU,gu_lecture_3_kidney3_v0_1,4,4,https://storage.googleapis.com/pathology-hub-0/source_videos/GU_Lecture_3_Kidney3.mp4,GU::Syndromes::Hereditary_Leiomyomatosis_and_Renal_Cell_Carcinoma_Syndrome | GU::Kidney::RCC_Other::Mucinous_Tubular_and_Spindle_Cell_Carcinoma | GU::Kidney::Nephroblastic_Nephrogenic::Nephroblastoma_Wilms_Tumor | GU::Kidney::Renal_cell::SDH_Deficient_Renal_Cell_Carcinoma
GU_Lecture_4_Kidney4,GU Lecture 4 Kidney4,GU,gu_lecture_4_kidney4_v0_1,2,4,https://storage.googleapis.com/pathology-hub-0/source_videos/GU_Lecture_4_Kidney4.mp4,GU::Kidney::Mesenchymal_Stromal::Epithelioid_Angiomyolipoma_PEComa | GU::Syndromes::Tuberous_Sclerosis
GU_Lecture_5_Testis,GU Lecture 5 Testis,GU,gu_lecture_5_testis_v0_1,4,4,https://storage.googleapis.com/pathology-hub-0/source_videos/GU_Lecture_5_Testis.mp4,GU::Testis::Paratesticular::Adenocarcinoma_of_Rete_Testis | GU::Testis::Sex_Cord_Stromal_Tumors::Intratubular_Large_Cell_Hyalinizing_Sertoli_Cell_Neoplasia | GU::Testis::Germ_Cell_Tumors::Seminoma | GU::Testis::Paratesticular::Well_Differentiated_Papillary_Mesothelial_Tumor
GU_Lecture_6_Bladder1,GU Lecture 6 Bladder1,GU,gu_lecture_6_bladder1_v0_1,5,10,https://storage.googleapis.com/pathology-hub-0/source_videos/GU_Lecture_6_Bladder1.mp4,GU::Bladder::Non_Neoplastic::Cystitis_Glandularis | GU::Bladder::Histology_&_Anatomy::Histology_&_Anatomy_of_Urinary_Bladder | GU::Bladder::Urothelial::Urothelial_Carcinoma_In_Situ | GU::Bladder::Urothelial::Urothelial_Proliferation_of_Uncertain_Malignant_Potential | GU::Bladder::Histology_&_Anatomy::Von_Brunn_Nests
GU_Lecture_7_Bladder2,GU Lecture 7 Bladder2,GU,gu_lecture_7_bladder2_v0_1,4,9,https://storage.googleapis.com/pathology-hub-0/source_videos/GU_Lecture_7_Bladder2.mp4,GU::Bladder::Urothelial::Flat_Urothelial_Lesions | GU::Bladder::Urothelial::Papillary_Urothelial_Hyperplasia | GU::Bladder::Urothelial::Urothelial_Carcinoma_In_Situ | GU::Bladder::Urothelial::Urothelial_Proliferation_of_Uncertain_Malignant_Potential
GU_Lecture_8_Bladder3,GU Lecture 8 Bladder3,GU,gu_lecture_8_bladder3_v0_1,6,12,https://storage.googleapis.com/pathology-hub-0/source_videos/GU_Lecture_8_Bladder3.mp4,GU::Bladder::Urothelial::High_Grade_Papillary_Urothelial_Carcinoma | GU::Bladder::Urothelial::Inverted_Urothelial_Papilloma | GU::Bladder::Urothelial::Low_Grade_Papillary_Urothelial_Carcinoma | GU::Bladder::Urothelial::Papillary_Urothelial_Hyperplasia | GU::Bladder::Urothelial::Papillary_Urothelial_Neoplasm_of_Low_Malignant_Potential | GU::Bladder::Urothelial::Urothelial_Proliferation_of_Uncertain_Malignant_Potential
GU_Lecture_9_Bladder4,GU Lecture 9 Bladder4,GU,gu_lecture_9_bladder4_v0_1,1,1,https://storage.googleapis.com/pathology-hub-0/source_videos/GU_Lecture_9_Bladder4.mp4,GU::Bladder::Urothelial::Urothelial_Proliferation_of_Uncertain_Malignant_Potential
Gyn_Lecture_10_Ovary4,Gyn Lecture 10 Ovary4,GYN,gyn_lecture_10_ovary4_v0_1,2,5,https://storage.googleapis.com/pathology-hub-0/source_videos/Gyn_Lecture_10_Ovary4.mp4,GYN::Ovary::Neoplastic::Germ_Cell::Malignant::Carcinoid_Tumor | GYN::Ovary::Neoplastic::Germ_Cell::Malignant::Immature_Teratoma
Gyn_Lecture_12_Uterine_Mesenchymal1,Gyn Lecture 12 Uterine Mesenchymal1,GYN,gyn_lecture_12_uterine_mesenchymal1_v0_1,2,3,https://storage.googleapis.com/pathology-hub-0/source_videos/Gyn_Lecture_12_Uterine_Mesenchymal1.mp4,GYN::GENETICS::Hereditary_Leiomyomatosis_and_Renal_Cell_Carcinoma | GYN::Uterus::Neoplastic::Mesenchymal::Intermediate::Smooth_Muscle_Tumor_Uncertain_Potential
Gyn_Lecture_13_Uterine_Mesenchymal2,Gyn Lecture 13 Uterine Mesenchymal2,GYN,gyn_lecture_13_uterine_mesenchymal2_v0_1,1,2,https://storage.googleapis.com/pathology-hub-0/source_videos/Gyn_Lecture_13_Uterine_Mesenchymal2.mp4,GYN::Uterine_Corpus::Mesenchymal::Miscellaneous_Mesenchymal::Perivascular_Epithelioid_Cell_Tumor_PEComa_
Gyn_Lecture_2_Grossing2,Gyn Lecture 2 Grossing2,GYN,gyn_lecture_2_grossing2_v0_1,1,2,https://storage.googleapis.com/pathology-hub-0/source_videos/Gyn_Lecture_2_Grossing2.mp4,GYN::Fallopian_Tube::Neoplastic::Epithelial::Malignant::Serous_Carcinoma_And_STIC
Gyn_Lecture_3_Cervix_Glandular,Gyn Lecture 3 Cervix Glandular,GYN,gyn_lecture_3_cervix_glandular_v0_1,5,7,https://storage.googleapis.com/pathology-hub-0/source_videos/Gyn_Lecture_3_Cervix_Glandular.mp4,GYN::Cervix::Glandular::Adenocarcinoma::Adenocarcinoma_HPV_independent_Mesonephric_Type_of_the_Uterine_Cervix | GYN::Cervix::Neoplastic::Epithelial::Benign::Endocervical_Glandular_Hyperplasia | GYN::Cervix::Neoplastic::Epithelial::Malignant::Endometrioid_Adenocarcinoma_HPV_Independent | GYN::Cervix::Neoplastic::Epithelial::Malignant::HPV_Associated_Adenocarcinoma | GYN::Cervix::Congenital_Structural::Remnant::Mesonephric_Remnants
Gyn_Lecture_4_Cervix_Squamous,Gyn Lecture 4 Cervix Squamous,GYN,gyn_lecture_4_cervix_squamous_v0_1,4,6,https://storage.googleapis.com/pathology-hub-0/source_videos/Gyn_Lecture_4_Cervix_Squamous.mp4,GYN::Cervix::Neoplastic::Epithelial::Benign::Endocervical_Glandular_Hyperplasia | GYN::Cervix::Normal_Histology::Metaplasia::Immature_Squamous_Metaplasia | GYN::Cervix::Neoplastic::Epithelial::Precursor::Squamous_Intraepithelial_Lesion | GYN::Vulva::Squamous_Tumors::Squamous_Intraepithelial_Lesions_HPV_associated_of_the_Vulva
Gyn_Lecture_5_Endometrium1,Gyn Lecture 5 Endometrium1,GYN,gyn_lecture_5_endometrium1_v0_1,1,4,https://storage.googleapis.com/pathology-hub-0/source_videos/Gyn_Lecture_5_Endometrium1.mp4,GYN::Cervix::Neoplastic::Epithelial::Benign::Endocervical_Glandular_Hyperplasia
Gyn_Lecture_6_Gestational,Gyn Lecture 6 Gestational,GYN,gyn_lecture_6_gestational_v0_1,4,6,https://storage.googleapis.com/pathology-hub-0/source_videos/Gyn_Lecture_6_Gestational.mp4,GYN::GTD::Tumor_Like::Molar::Complete_Hydatidiform_Mole | GYN::GTD::Tumor_Like::Molar::Partial_Hydatidiform_Mole | GYN::GTD::Tumor_Like::Non_Neoplastic::Placental_Site_Nodule_and_Plaque | GYN::GTD::GTN::Placental_Site_Trophoblastic_Tumor
Gyn_Lecture_7_Ovary1,Gyn Lecture 7 Ovary1,GYN,gyn_lecture_7_ovary1_v0_1,3,9,https://storage.googleapis.com/pathology-hub-0/source_videos/Gyn_Lecture_7_Ovary1.mp4,GYN::Ovary::Mesenchymal::Endometrioid_Stromal_Sarcoma_of_the_Ovary | GYN::Ovary::Serous::Malignant::Low_grade_Serous_Carcinoma_of_the_Ovary | GYN::Fallopian_Tube::Neoplastic::Epithelial::Malignant::Serous_Carcinoma_And_STIC
Gyn_Lecture_8_Ovary2,Gyn Lecture 8 Ovary2,GYN,gyn_lecture_8_ovary2_v0_1,1,1,https://storage.googleapis.com/pathology-hub-0/source_videos/Gyn_Lecture_8_Ovary2.mp4,GYN::Ovary::Mesenchymal::Endometrioid_Stromal_Sarcoma_of_the_Ovary
Gyn_Lecture_9_Ovary3,Gyn Lecture 9 Ovary3,GYN,gyn_lecture_9_ovary3_v0_1,3,5,https://storage.googleapis.com/pathology-hub-0/source_videos/Gyn_Lecture_9_Ovary3.mp4,GYN::Ovary::Neoplastic::Epithelial::Borderline::Mucinous_Borderline_Tumor_Intestinal_Type | GYN::Ovary::Mucinous::Malignant::Mucinous_Carcinoma_of_the_Ovary | GYN::Ovary::Neoplastic::Mixed::Malignant::Mucinous_Cystic_Tumor_With_Mural_Nodules
HN_Lecture_0_Grossing1,HN Lecture 0 Grossing1,HN,hn_lecture_0_grossing1_v0_1,3,3,https://storage.googleapis.com/pathology-hub-0/source_videos/HN_Lecture_0_Grossing1.mp4,HN::Genetics::Hyperparathyroidism_Jaw_Tumor_Syndrome | HN::Soft_Tissue::Smooth_Muscle::Smooth_Muscle_Tumor_Of_Uncertain_Malignant_Potential | HN::Neck_Lymph_Node::Cyst::Thyroglossal_Duct_Cyst
HN_Lecture_0_Grossing2,HN Lecture 0 Grossing2,HN,hn_lecture_0_grossing2_v0_1,1,1,https://storage.googleapis.com/pathology-hub-0/source_videos/HN_Lecture_0_Grossing2.mp4,HN::Oral::Squamous_Carcinoma::Verrucous_Carcinoma_of_the_Oral::_and_Mobile_Tongue
HN_Lecture_1_Salivary1,HN Lecture 1 Salivary1,HN,hn_lecture_1_salivary1_v0_1,3,3,https://storage.googleapis.com/pathology-hub-0/source_videos/HN_Lecture_1_Salivary1.mp4,HN::Salivary::Cystadenoma_of_the_Salivary_Glands | HN::Salivary_Gland::Malignant_Tumor::Salivary_Duct_Carcinoma | HN::Nasopharynx::Hamartoma::Salivary_Gland_Anlage_Tumor
HN_Lecture_2_Salivary2,HN Lecture 2 Salivary2,HN,hn_lecture_2_salivary2_v0_1,4,7,https://storage.googleapis.com/pathology-hub-0/source_videos/HN_Lecture_2_Salivary2.mp4,HN::Salivary_Gland::Malignant_Tumor::Acinic_Cell_Carcinoma | HN::Salivary_Gland::Malignant_Tumor::Adenoid_Cystic_Carcinoma | HN::Salivary_Gland::Malignant_Tumor::Mucoepidermoid_Carcinoma | HN::Salivary_Gland::Malignant_Tumor::Polymorphous_Adenocarcinoma
HN_Lecture_5_Odontogenic,HN Lecture 5 Odontogenic,HN,hn_lecture_5_odontogenic_v0_1,2,2,https://storage.googleapis.com/pathology-hub-0/source_videos/HN_Lecture_5_Odontogenic.mp4,HN::Odontogenic_Maxillofacial::Benign_Mixed::Odontoma | HN::Odontogenic_Maxillofacial::Jaw_Cyst::Radicular_Cyst
HN_Lecture_6_Oral,HN Lecture 6 Oral,HN,hn_lecture_6_oral_v0_1,3,7,https://storage.googleapis.com/pathology-hub-0/source_videos/HN_Lecture_6_Oral.mp4,HN::Salivary_Gland::Malignant_Tumor::Intraductal_Carcinoma | HN::Oral_Cavity::Inflammatory::Lichen_Planus | HN::Oral_Cavity::Inflammatory::Pyogenic_Granuloma
HN_Lecture_7_HPV,HN Lecture 7 HPV,HN,hn_lecture_7_hpv_v0_1,1,1,https://storage.googleapis.com/pathology-hub-0/source_videos/HN_Lecture_7_HPV.mp4,HN::Neuroendocrine_Paraganglioma::Neuroendocrine_Carcinoma::Merkel_Cell_Carcinoma
yt_pathcast_pathboards_high_yield_molecular_pathology_for_bo_8vtubijae2i,#PATHBOARDS High-Yield Molecular Pathology for Boards: Part 2 (Hematolymphoid Tumors) (pathCast),Heme,yt_pathcast_pathboards_high_yield_molecular_pathology_for_bo_8vtubijae2i_v0_1,7,8,https://www.youtube.com/watch?v=8VTUbIjAE2I,Heme::Mature_T_NK_Cell::Anaplastic_Large_Cell::ALK_Positive_Anaplastic_Large_Cell_Lymphoma | Heme::Acute_Myeloid_Leukemia::Genetic_Defined::AML_With_CEBPA_Mutation | Heme::Acute_Myeloid_Leukemia::Genetic_Defined::AML_With_KMT2A_Rearrangement | Heme::Acute_Myeloid_Leukemia::Genetic_Defined::AML_With_MECOM_Rearrangement | Heme::Acute_Myeloid_Leukemia::Genetic_Defined::AML_With_NPM1_Mutation | Heme::Myelodysplastic_Neoplasm::Genetic_Defined::MDS_With_Low_Blasts_And_SF3B1_Mutation | Heme::Myeloid_Lymphoid_Neoplasm_With_Eosinophilia::MLN_With_FLT3_Rearrangement
Heme_SH_Aggressive_B_Cell,Heme SH Aggressive B Cell,Heme,heme_sh_aggressive_b_cell_v0_1,4,16,https://storage.googleapis.com/pathology-hub-0/source_videos/Heme_SH_Aggressive_B_Cell.mp4,Heme::Mature_B_Cell::Large_B_Cell::ALK_Positive_Large_B_Cell_Lymphoma | Heme::Mature_B_Cell::Burkitt::Burkitt_Lymphoma | Heme::Mature_B_Cell::Large_B_Cell::DLBCL_High_Grade_With_MYC_And_BCL2_Rearrangements | Heme::Mature_B_Cell::Large_B_Cell::Primary_Mediastinal_Large_B_Cell_Lymphoma
Heme_SH_AML,Heme SH AML,Heme,heme_sh_aml_v0_1,3,5,https://storage.googleapis.com/pathology-hub-0/source_videos/Heme_SH_AML.mp4,Heme::Acute_Myeloid_Leukemia::Genetic_Defined::AML_Myelodysplasia_Related | Heme::Acute_Myeloid_Leukemia::Differentiation_Defined::AML_With_Minimal_Differentiation | Heme::Acute_Myeloid_Leukemia::Genetic_Defined::AML_With_NPM1_Mutation
Heme_SH_BM_Failure_Syndromes,Heme SH BM Failure Syndromes,Heme,heme_sh_bm_failure_syndromes_v0_1,3,9,https://storage.googleapis.com/pathology-hub-0/source_videos/Heme_SH_BM_Failure_Syndromes.mp4,Heme::Non_Neoplastic::Erythrocyte::Aplastic_Anemia | Heme::Genetics::Fanconi_Anemia | Heme::Non_Neoplastic::Erythrocyte::Paroxysmal_Nocturnal_Hemoglobinuria_PNH
Heme_SH_BM_Systemic_Manifestations,Heme SH BM Systemic Manifestations,Heme,heme_sh_bm_systemic_manifestations_v0_1,2,2,https://storage.googleapis.com/pathology-hub-0/source_videos/Heme_SH_BM_Systemic_Manifestations.mp4,Heme::Non_Neoplastic::Bone_Marrow::Paget_Disease | Heme::Non_Neoplastic::Bone_Marrow::Renal_Osteodystrophy
Heme_SH_Histiocytic,Heme SH Histiocytic,Heme,heme_sh_histiocytic_v0_1,7,16,https://storage.googleapis.com/pathology-hub-0/source_videos/Heme_SH_Histiocytic.mp4,Heme::Histiocytic_Dendritic_Cell::Macrophage::Erdheim_Chester_Disease | Heme::Histiocytic_Dendritic_Cell::Macrophage::Hemophagocytic_Lymphohistiocytosis_HLH | Heme::Histiocytic_Dendritic_Cell::Other_Dendritic::Interdigitating_Dendritic_Cell_Sarcoma | Heme::Histiocytic_Dendritic_Cell::Macrophage::Juvenile_Xanthogranuloma | Heme::Histiocytic_Dendritic_Cell::Langerhans::Langerhans_Cell_Histiocytosis | Heme::Histiocytic_Dendritic_Cell::Langerhans::Langerhans_Cell_Sarcoma | Heme::Histiocytic_Dendritic_Cell::Macrophage::Rosai_Dorfman_Disease
Heme_SH_Hodgkin_NLP,Heme SH Hodgkin NLP,Heme,heme_sh_hodgkin_nlp_v0_1,1,11,https://storage.googleapis.com/pathology-hub-0/source_videos/Heme_SH_Hodgkin_NLP.mp4,Heme::Hodgkin_Lymphoma::Nodular_Lymphocyte_Predominant_Hodgkin_Lymphoma
Heme_SH_Hodgkin_Overview,Heme SH Hodgkin Overview,Heme,heme_sh_hodgkin_overview_v0_1,3,6,https://storage.googleapis.com/pathology-hub-0/source_videos/Heme_SH_Hodgkin_Overview.mp4,Heme::Hodgkin_Lymphoma::Classic_Hodgkin_Lymphoma | Heme::Mature_B_Cell::Large_B_Cell::Mediastinal_Grey_Zone_Lymphoma | Heme::Hodgkin_Lymphoma::Nodular_Lymphocyte_Predominant_Hodgkin_Lymphoma
Heme_SH_Hodgkin_T_NK_Cell_1,Heme SH Hodgkin T NK Cell 1,Heme,heme_sh_hodgkin_t_nk_cell_1_v0_1,3,8,https://storage.googleapis.com/pathology-hub-0/source_videos/Heme_SH_Hodgkin_T_NK_Cell_1.mp4,Heme::Mature_T_NK_Cell::Anaplastic_Large_Cell::ALK_Positive_Anaplastic_Large_Cell_Lymphoma | Heme::Mature_T_NK_Cell::TFH::Nodal_TFH_Cell_Lymphoma_Angioimmunoblastic_Type | Heme::Mature_T_NK_Cell::Other::Peripheral_T_Cell_Lymphoma_NOS
Heme_SH_Hodgkin_T_NK_Cell_2,Heme SH Hodgkin T NK Cell 2,Heme,heme_sh_hodgkin_t_nk_cell_2_v0_1,5,8,https://storage.googleapis.com/pathology-hub-0/source_videos/Heme_SH_Hodgkin_T_NK_Cell_2.mp4,Heme::Mature_T_NK_Cell::Anaplastic_Large_Cell::Breast_Implant_Associated_Anaplastic_Large_Cell_Lymphoma | Heme::Mature_T_NK_Cell::EBV_Positive::Extranodal_NK_T_Cell_Lymphoma | Heme::Mature_T_NK_Cell::EBV_Positive::Hydroa_Vacciniforme_Lymphoproliferative_Disorder | Heme::Mature_T_NK_Cell::Intestinal::Monomorphic_Epitheliotropic_Intestinal_T_Cell_Lymphoma | Heme::Mature_T_NK_Cell::EBV_Positive::Systemic_EBV_Positive_T_Cell_Lymphoma_Of_Childhood
Heme_SH_IA_LPD,Heme SH IA LPD,Heme,heme_sh_ia_lpd_v0_1,3,4,https://storage.googleapis.com/pathology-hub-0/source_videos/Heme_SH_IA_LPD.mp4,Heme::Immune_Deficiency_Associated::EBV_Positive_Mucocutaneous_Ulcer | Heme::Immune_Deficiency_Associated::HIV_Associated_Lymphoproliferative_Disorder | Heme::Immune_Deficiency_Associated::Polymorphic_Lymphoproliferative_Disorder
Heme_SH_IHC_for_LPD,Heme SH IHC for LPD,Heme,heme_sh_ihc_for_lpd_v0_1,3,3,https://storage.googleapis.com/pathology-hub-0/source_videos/Heme_SH_IHC_for_LPD.mp4,Heme::Mature_B_Cell::Large_B_Cell::DLBCL_High_Grade_With_MYC_And_BCL2_Rearrangements | Heme::Mature_B_Cell::Marginal_Zone::Extranodal_Marginal_Zone_Lymphoma_Of_MALT | Heme::Mature_B_Cell::Large_B_Cell::Primary_Large_B_Cell_Lymphoma_Of_Immune_Privileged_Sites
Heme_SH_MDS_MPN_1,Heme SH MDS MPN 1,Heme,heme_sh_mds_mpn_1_v0_1,3,5,https://storage.googleapis.com/pathology-hub-0/source_videos/Heme_SH_MDS_MPN_1.mp4,Heme::Myeloproliferative_Neoplasm::Chronic_Eosinophilic_Leukemia | Heme::Myeloproliferative_Neoplasm::Essential_Thrombocythemia | Heme::Myeloproliferative_Neoplasm::Primary_Myelofibrosis
Heme_SH_MDS_MPN_2,Heme SH MDS MPN 2,Heme,heme_sh_mds_mpn_2_v0_1,3,5,https://storage.googleapis.com/pathology-hub-0/source_videos/Heme_SH_MDS_MPN_2.mp4,Heme::Myelodysplastic_Neoplasm::Morphologic_Defined::MDS_Hypoplastic | Heme::Myelodysplastic_Neoplasm::Genetic_Defined::MDS_With_Low_Blasts_And_5q_Deletion | Heme::Myelodysplastic_Neoplasm::Genetic_Defined::MDS_With_Low_Blasts_And_SF3B1_Mutation
Heme_SH_MDS_MPN_3,Heme SH MDS MPN 3,Heme,heme_sh_mds_mpn_3_v0_1,3,7,https://storage.googleapis.com/pathology-hub-0/source_videos/Heme_SH_MDS_MPN_3.mp4,Heme::Myeloproliferative_Neoplasm::Chronic_Eosinophilic_Leukemia | Heme::Myelodysplastic_Myeloproliferative_Neoplasm::MDS_MPN_With_SF3B1_Mutation_And_Thrombocytosis | Heme::Myelodysplastic_Neoplasm::Morphologic_Defined::MDS_With_Increased_Blasts
Heme_SH_Plasma_Cell,Heme SH Plasma Cell,Heme,heme_sh_plasma_cell_v0_1,3,8,https://storage.googleapis.com/pathology-hub-0/source_videos/Heme_SH_Plasma_Cell.mp4,Heme::Plasma_Cell_Neoplasm::Monoclonal_Gammopathy::IgM_MGUS | Heme::Plasma_Cell_Neoplasm::Deposition_Disease::Immunoglobulin_Related_Amyloidosis_AL | Heme::Plasma_Cell_Neoplasm::Plasma_Cell_Myeloma
Heme_SH_PT_LPD,Heme SH PT LPD,Heme,heme_sh_pt_lpd_v0_1,2,16,https://storage.googleapis.com/pathology-hub-0/source_videos/Heme_SH_PT_LPD.mp4,Heme::Immune_Deficiency_Associated::Polymorphic_Lymphoproliferative_Disorder | Heme::Immune_Deficiency_Associated::Post_Transplant_Lymphoproliferative_Disorder_PTLD
Heme_SH_Reactive_Lymphoid_Hyperplasia,Heme SH Reactive Lymphoid Hyperplasia,Heme,heme_sh_reactive_lymphoid_hyperplasia_v0_1,2,5,https://storage.googleapis.com/pathology-hub-0/source_videos/Heme_SH_Reactive_Lymphoid_Hyperplasia.mp4,Heme::Tumor_Like_T_Cell::Kikuchi_Fujimoto_Disease | Heme::Non_Neoplastic::Spleen::Lymphoid_Hyperplasia
Heme_SH_Small_B_Cell_1_of_2,Heme SH Small B Cell 1 of 2,Heme,heme_sh_small_b_cell_1_of_2_v0_1,7,14,https://storage.googleapis.com/pathology-hub-0/source_videos/Heme_SH_Small_B_Cell_1_of_2.mp4,Heme::Mature_B_Cell::Follicular::Duodenal_Type_Follicular_Lymphoma | Heme::Mature_B_Cell::Large_B_Cell::High_Grade_B_Cell_Lymphoma_NOS | Heme::Mature_B_Cell::Follicular::In_Situ_Follicular_B_Cell_Neoplasm | Heme::Mature_B_Cell::Large_B_Cell::Large_B_Cell_Lymphoma_With_IRF4_Rearrangement | Heme::Mature_B_Cell::Follicular::Pediatric_Type_Follicular_Lymphoma | Heme::Mature_B_Cell::Follicular::Primary_Cutaneous_Follicle_Center_Lymphoma | Heme::Mature_B_Cell::Large_B_Cell::Primary_Large_B_Cell_Lymphoma_Of_Immune_Privileged_Sites
Heme_SH_Small_B_Cell_2_of_2,Heme SH Small B Cell 2 of 2,Heme,heme_sh_small_b_cell_2_of_2_v0_1,6,11,https://storage.googleapis.com/pathology-hub-0/source_videos/Heme_SH_Small_B_Cell_2_of_2.mp4,Heme::Mature_B_Cell::Large_B_Cell::ALK_Positive_Large_B_Cell_Lymphoma | Heme::Mature_B_Cell::Marginal_Zone::Extranodal_Marginal_Zone_Lymphoma_Of_MALT | Heme::Mature_B_Cell::Splenic::Hairy_Cell_Leukemia | Heme::Mature_B_Cell::Marginal_Zone::Pediatric_Nodal_Marginal_Zone_Lymphoma | Heme::Mature_B_Cell::Large_B_Cell::Plasmablastic_Lymphoma | Heme::Mature_B_Cell::Splenic::Splenic_Marginal_Zone_Lymphoma
Heme_SH_Spleen,Heme SH Spleen,Heme,heme_sh_spleen_v0_1,4,15,https://storage.googleapis.com/pathology-hub-0/source_videos/Heme_SH_Spleen.mp4,Heme::Stroma_Derived::Splenic_Vascular::Littoral_Cell_Angioma | Heme::Mature_B_Cell::Splenic::Splenic_B_Cell_Lymphoma_Leukemia_With_Prominent_Nucleoli | Heme::Non_Neoplastic::Spleen::Splenic_Cyst | Heme::Mature_B_Cell::Splenic::Splenic_Diffuse_Red_Pulp_Small_B_Cell_Lymphoma
YT_Skin_B_Cell_Lymphoma_Cassarino,YT Skin B Cell Lymphoma Cassarino,Skin,yt_skin_b_cell_lymphoma_cassarino_v0_1,7,14,https://storage.googleapis.com/pathology-hub-0/source_videos/YT_Skin_B_Cell_Lymphoma_Cassarino.mp4,Skin::Neoplastic::Hematolymphoid::Aggressive_Epidermotropic_CD8_Positive_T_Cell_Lymphoma | Skin::Neoplastic::Hematolymphoid::Diffuse_Large_B_Cell_Lymphoma_Leg_Type | Skin::Neoplastic::Hematolymphoid::Follicle_Center_Cell_Lymphoma | Skin::Neoplastic::Hematolymphoid::Primary_Cutaneous_CD4_Positive_Small_Medium_T_Cell_Lymphoproliferative_Disorder | Skin::Neoplastic::Hematolymphoid::Primary_Cutaneous_Follicle_Center_Lymphoma | Skin::Neoplastic::Hematolymphoid::Primary_Cutaneous_Marginal_Zone_Lymphoma | Skin::Neoplastic::Hematolymphoid::Reactive_B_Cell_Rich_Lymphoid_Proliferation
YT_Skin_Blistering_Fung,YT Skin Blistering Fung,Skin,yt_skin_blistering_fung_v0_1,13,16,https://storage.googleapis.com/pathology-hub-0/source_videos/YT_Skin_Blistering_Fung.mp4,Skin::Inflammatory::Blistering::Drug_Induced_Bullous_Pemphigoid | Skin::Inflammatory::Blistering::Epidermolysis_Bullosa_Acquisita | Skin::Inflammatory::Blistering::Friction_Blister | Skin::Inflammatory::Blistering::Grover_Disease_Transient_Acantholytic | Skin::Congenital_Structural::Genodermatosis::Hailey_Hailey_Disease_Familial_Pemphigus | Skin::Infectious::Viral::Herpes_Zoster_Varicella_VZV | Skin::Inflammatory::Blistering::Linear_IgA_Bullous_Dermatosis | Skin::Inflammatory::Blistering::Paraneoplastic_Pemphigus | Skin::Inflammatory::Blistering::Pemphigoid_Gestationis | Skin::Inflammatory::Blistering::Pemphigus_Foliaceus | Skin::Inflammatory::Blistering::Pemphigus_Vegetans | Skin::Inflammatory::Blistering::Pemphigus_Vulgaris | Skin::Inflammatory::Blistering::Subcorneal_Pustular_Dermatosis_Sneddon_Wilkinson
YT_Skin_Common_Disorders_Fung,YT Skin Common Disorders Fung,Skin,yt_skin_common_disorders_fung_v0_1,5,5,https://storage.googleapis.com/pathology-hub-0/source_videos/YT_Skin_Common_Disorders_Fung.mp4,Skin::Neoplastic::Epidermal::Precursor::Bowen_Disease_SCC_In_Situ | Skin::Neoplastic::Epidermal::Malignant::Keratoacanthoma | Skin::Inflammatory::Interface::Lichen_Planus | Skin::Epidermal_Neoplasm::Basal_Cell_Carcinoma::Nodular_Basal_Cell_Carcinoma | Skin::Normal_Histology::Overview
YT_Skin_Granulomatous_Dermatitis_Fung,YT Skin Granulomatous Dermatitis Fung,Skin,yt_skin_granulomatous_dermatitis_fung_v0_1,9,17,https://storage.googleapis.com/pathology-hub-0/source_videos/YT_Skin_Granulomatous_Dermatitis_Fung.mp4,Skin::Inflammatory::Granulomatous::Actinic_Granuloma_Annular_Elastolytic | Skin::Inflammatory::Granulomatous::Granuloma_Annulare | Skin::Inflammatory::Granulomatous::Granulomatous_Dermatitis_Overview | Skin::Inflammatory::Granulomatous::Interstitial_Granulomatous_Drug_Reaction | Skin::Inflammatory::Granulomatous::Necrobiosis_Lipoidica | Skin::Inflammatory::Granulomatous::Necrobiotic_Xanthogranuloma | Skin::Inflammatory::Granulomatous::Palisaded_Neutrophilic_Granulomatous_Dermatitis | Skin::Inflammatory::Adnexal::Rosacea_Granulomatous | Skin::Inflammatory::Granulomatous::Sarcoidosis_Cutaneous
YT_Skin_IHC_Fung,YT Skin IHC Fung,Skin,yt_skin_ihc_fung_v0_1,1,1,https://storage.googleapis.com/pathology-hub-0/source_videos/YT_Skin_IHC_Fung.mp4,Skin::Neoplastic::Hematolymphoid::Aggressive_Epidermotropic_CD8_Positive_T_Cell_Lymphoma
YT_Skin_Interface_Dermatitis_Fung,YT Skin Interface Dermatitis Fung,Skin,yt_skin_interface_dermatitis_fung_v0_1,8,15,https://storage.googleapis.com/pathology-hub-0/source_videos/YT_Skin_Interface_Dermatitis_Fung.mp4,Skin::Inflammatory::Drug_Eruption::Fixed_Drug_Eruption | Skin::Inflammatory::Interface::Interface_Dermatitis_Overview | Skin::Inflammatory::Interface::Lichen_Nitidus | Skin::Inflammatory::Interface::Lupus_Erythematosus_Discoid_DLE | Skin::Inflammatory::Interface::Lupus_Erythematosus_Subacute_Cutaneous_SCLE | Skin::Inflammatory::Vasculitis::Pigmented_Purpuric_Dermatosis_Capillaritis | Skin::Inflammatory::Interface::Pityriasis_Lichenoides_PLEVA_PLC | Skin::Inflammatory::Blistering::Stevens_Johnson_Syndrome_Toxic_Epidermal_Necrolysis
YT_Skin_Intro_Fung,YT Skin Intro Fung,Skin,yt_skin_intro_fung_v0_1,1,1,https://storage.googleapis.com/pathology-hub-0/source_videos/YT_Skin_Intro_Fung.mp4,Skin::Neoplastic::Melanocytic::Benign::Unna_Nevus
YT_Skin_Melanocytic_Fung,YT Skin Melanocytic Fung,Skin,yt_skin_melanocytic_fung_v0_1,9,12,https://storage.googleapis.com/pathology-hub-0/source_videos/YT_Skin_Melanocytic_Fung.mp4,Skin::Neoplastic::Melanocytic::Intermediate::BAPoma_BAP1_Inactivated_Nevus | Skin::Neoplastic::Melanocytic::Benign::Dysplastic_Nevus | Skin::Neoplastic::Melanocytic::Malignant::Melanoma_Acral_Lentiginous | Skin::Neoplastic::Melanocytic::Malignant::Melanoma_Desmoplastic | Skin::Neoplastic::Melanocytic::In_Situ::Melanoma_In_Situ_NOS | Skin::Melanocytic::Spitz::Pigmented_Spindle_Cell_Nevus | Skin::Melanocytic::Simple_Lentigo_And_Lentiginous_Melanocytic_Nevus | Skin::Neoplastic::Melanocytic::Benign::Solar_Lentigo | Skin::Neoplastic::Melanocytic::Benign::Spitz_Nevus
YT_Skin_Melanoma_LeBoit,YT Skin Melanoma LeBoit,Skin,yt_skin_melanoma_leboit_v0_1,2,2,https://storage.googleapis.com/pathology-hub-0/source_videos/YT_Skin_Melanoma_LeBoit.mp4,Skin::Neoplastic::Melanocytic::Malignant::Melanoma_Acral_Lentiginous | Skin::Neoplastic::Melanocytic::Malignant::Melanoma_Desmoplastic
YT_Skin_Metabolic_and_Connective_Tissue_Junkins,YT Skin Metabolic and Connective Tissue Junkins,Skin,yt_skin_metabolic_and_connective_tissue_junkins_v0_1,9,10,https://storage.googleapis.com/pathology-hub-0/source_videos/YT_Skin_Metabolic_and_Connective_Tissue_Junkins.mp4,Skin::Depositional_Metabolic::Amyloidosis::Amyloidosis_Macular | Skin::Depositional_Metabolic::Amyloidosis::Amyloidosis_Nodular | Skin::Depositional_Metabolic::Pigment::Argyria | Skin::Inflammatory::Dermal_Sclerosing::Hypertrophic_Scar | Skin::Depositional_Metabolic::Monckebergs_Sclerosis | Skin::Inflammatory::Dermal_Sclerosing::Morphea_Localized_Scleroderma | Skin::Depositional_Metabolic::Mucinosis::Pretibial_Myxedema | Skin::Depositional_Metabolic::Reaction_to_Cosmetic_Fillers | Skin::Depositional_Metabolic::Mucinosis::Reticular_Erythematous_Mucinosis
YT_Skin_Papulosquamous_and_Spongiotic_Dermatitis_Ko,YT Skin Papulosquamous and Spongiotic Dermatitis Ko,Skin,yt_skin_papulosquamous_and_spongiotic_dermatitis_ko_v0_1,5,5,https://storage.googleapis.com/pathology-hub-0/source_videos/YT_Skin_Papulosquamous_and_Spongiotic_Dermatitis_Ko.mp4,Skin::Inflammatory::Psoriasiform::Biologic_induced_psoriasiform_dermatitis | Skin::Inflammatory::Spongiotic::Eosinophilic_Spongiosis | Skin::Inflammatory::Spongiotic::Nummular_Dermatitis | Skin::Inflammatory::Psoriasiform::Psoriasiform_Dermatitis_Overview | Skin::Inflammatory::Psoriasiform::Small_Plaque_Parapsoriasis
YT_Skin_Perforating_Fung,YT Skin Perforating Fung,Skin,yt_skin_perforating_fung_v0_1,3,6,https://storage.googleapis.com/pathology-hub-0/source_videos/YT_Skin_Perforating_Fung.mp4,Skin::Inflammatory::Degenerative::Chondrodermatitis_Nodularis_Helicis | Skin::Depositional_Metabolic::Elastosis_Perforans_Serpiginosa | Skin::Inflammatory::Dermal_Sclerosing::Sclerodermoid_Graft_Versus_Host_Disease
YT_Skin_Perivascular_Dermatitis_Fung,YT Skin Perivascular Dermatitis Fung,Skin,yt_skin_perivascular_dermatitis_fung_v0_1,6,6,https://storage.googleapis.com/pathology-hub-0/source_videos/YT_Skin_Perivascular_Dermatitis_Fung.mp4,Skin::Inflammatory::Drug_Eruption::Drug_Reaction_With_Eosinophilia_And_Systemic_Symptoms_DRESS | Skin::Inflammatory::Dermal_Sclerosing::Lichen_Sclerosus_et_Atrophicus | Skin::Inflammatory::Interface::Lupus_Erythematosus_Subacute_Cutaneous_SCLE | Skin::Inflammatory::Dermal_Sclerosing::Morphea_Localized_Scleroderma | Skin::Inflammatory::Perforating::Perforating_Dermatoses | Skin::Depositional_Metabolic::Mucinosis::Scleromyxedema
YT_Skin_Psoriasiform_Dermatitis_Fung,YT Skin Psoriasiform Dermatitis Fung,Skin,yt_skin_psoriasiform_dermatitis_fung_v0_1,8,8,https://storage.googleapis.com/pathology-hub-0/source_videos/YT_Skin_Psoriasiform_Dermatitis_Fung.mp4,Skin::Inflammatory::Spongiotic::Chronic_Spongiotic_Dermatitis_Lichen_Simplex | Skin::Congenital_Structural::Maturation_Keratinization::Granular_Parakeratosis | Skin::Inflammatory::Psoriasiform::Pityriasis_Rubra_Pilaris | Skin::Inflammatory::Psoriasiform::Psoriasiform_Dermatitis_Overview | Skin::Inflammatory::Psoriasiform::Psoriasis_Vulgaris_Plaque | Skin::Inflammatory::Reactive::Reactive_Epidermal_Hyperplasia | Skin::Inflammatory::Spongiotic::Spongiotic_Dermatitis_Eczema_Overview | Skin::Infectious::Bacterial::Syphilis_Secondary_Cutaneous
YT_Skin_Soft_Tissue_Fung,YT Skin Soft Tissue Fung,Skin,yt_skin_soft_tissue_fung_v0_1,6,7,https://storage.googleapis.com/pathology-hub-0/source_videos/YT_Skin_Soft_Tissue_Fung.mp4,Skin::Neoplastic::Soft_Tissue::Muscular::Cutaneous_Leiomyoma_Pilar | Skin::Neoplastic::Soft_Tissue::Neural::Granular_Cell_Tumor | Skin::Neoplastic::Soft_Tissue::Neural::Neurofibroma_Plexiform | Skin::Neoplastic::Soft_Tissue::Neural::Palisaded_Encapsulated_Neuroma | Skin::Neoplastic::Soft_Tissue::Neural::Post_Traumatic_Neuroma | Skin::Soft_Tissue::Adipocytic::Spindle_Cell_Pleomorphic_Lipoma
YT_Skin_Spongiotic_Dermatitis_Fung,YT Skin Spongiotic Dermatitis Fung,Skin,yt_skin_spongiotic_dermatitis_fung_v0_1,10,13,https://storage.googleapis.com/pathology-hub-0/source_videos/YT_Skin_Spongiotic_Dermatitis_Fung.mp4,Skin::Inflammatory::Spongiotic::Allergic_Contact_Dermatitis | Skin::Inflammatory::Spongiotic::Chronic_Spongiotic_Dermatitis_Lichen_Simplex | Skin::Inflammatory::Drug_Eruption::Drug_Reaction_With_Eosinophilia_And_Systemic_Symptoms_DRESS | Skin::Inflammatory::Spongiotic::Dyshidrotic_Eczema_Pompholyx | Skin::Inflammatory::Spongiotic::Eosinophilic_Spongiosis | Skin::Inflammatory::Spongiotic::Id_Reaction_Autoeczematization | Skin::Inflammatory::Spongiotic::Nummular_Dermatitis | Skin::Inflammatory::Spongiotic::Pityriasis_Rosea | Skin::Inflammatory::Spongiotic::Spongiotic_Dermatitis_Eczema_Overview | Skin::Inflammatory::Spongiotic::Stasis_Dermatitis
YT_Skin_T_Cell_Lymphoma_Cassarino,YT Skin T Cell Lymphoma Cassarino,Skin,yt_skin_t_cell_lymphoma_cassarino_v0_1,6,12,https://storage.googleapis.com/pathology-hub-0/source_videos/YT_Skin_T_Cell_Lymphoma_Cassarino.mp4,Skin::Neoplastic::Hematolymphoid::Aggressive_Epidermotropic_CD8_Positive_T_Cell_Lymphoma | Skin::Neoplastic::Hematolymphoid::Cutaneous_Gamma_Delta_T_Cell_Lymphoma | Skin::Neoplastic::Hematolymphoid::Granulomatous_Slack_Skin | Skin::Neoplastic::Lymphoid::T_Cell::MF_Variant_Poikiloderma | Skin::Neoplastic::Hematolymphoid::Primary_Cutaneous_CD4_Positive_Small_Medium_T_Cell_Lymphoproliferative_Disorder | Skin::Neoplastic::Hematolymphoid::Subcutaneous_Panniculitis_Like_T_Cell_Lymphoma
YT_Skin_Vacuolar_and_Lichenoid_Interface_Dermatitis_Junkins,YT Skin Vacuolar and Lichenoid Interface Dermatitis Junkins,Skin,yt_skin_vacuolar_and_lichenoid_interface_dermatitis_junkins_v0_1,5,7,https://storage.googleapis.com/pathology-hub-0/source_videos/YT_Skin_Vacuolar_and_Lichenoid_Interface_Dermatitis_Junkins.mp4,Skin::Inflammatory::Drug_Eruption::Fixed_Drug_Eruption | Skin::Inflammatory::Interface::Interface_Dermatitis_Overview | Skin::Inflammatory::Drug_Eruption::Lichenoid_Drug_Eruption | Skin::Inflammatory::Interface::Lupus_Erythematosus_Subacute_Cutaneous_SCLE | Skin::Inflammatory::Interface::Lupus_Erythematosus_Tumid
YT_Skin_Vascular_Fung,YT Skin Vascular Fung,Skin,yt_skin_vascular_fung_v0_1,14,20,https://storage.googleapis.com/pathology-hub-0/source_videos/YT_Skin_Vascular_Fung.mp4,Skin::Depositional_Metabolic::Calcification::Calciphylaxis | Skin::Depositional_Metabolic::Embolic::Cholesterol_Emboli | Skin::Inflammatory::Vasculitis::Churg_Strauss_Syndrome_EGPA | Skin::Inflammatory::Panniculitis::Erythema_Induratum_Nodular_Vasculitis | Skin::Inflammatory::Vasculitis::Giant_Cell_Arteritis_Temporal | Skin::Inflammatory::Granulomatous::Granuloma_Faciale | Skin::Inflammatory::Vasculitis::Leukocytoclastic_Vasculitis_LCV | Skin::Inflammatory::Vasculitis::Lymphocytic_Vasculitis | Skin::Inflammatory::Vasculitis::Polyarteritis_Nodosa | Skin::Inflammatory::Neutrophilic::Pyoderma_Gangrenosum | Skin::Inflammatory::Vasculitis::Septic_Vasculitis | Skin::Inflammatory::Neutrophilic::Sweet_Syndrome | Skin::Inflammatory::Vasculitis::Thrombotic_Vasculopathy | Skin::Inflammatory::Vasculitis::Wegener_Granulomatosis_GPA
YT_Skin_Vasculitis_Johnson,YT Skin Vasculitis Johnson,Skin,yt_skin_vasculitis_johnson_v0_1,1,1,https://storage.googleapis.com/pathology-hub-0/source_videos/YT_Skin_Vasculitis_Johnson.mp4,Skin::Inflammatory::Vasculitis::Leukocytoclastic_Vasculitis_LCV
YT_Skin_WHO_Classification_Scoyler,YT Skin WHO Classification Scoyler,Skin,yt_skin_who_classification_scoyler_v0_1,1,1,https://storage.googleapis.com/pathology-hub-0/source_videos/YT_Skin_WHO_Classification_Scoyler.mp4,Skin::Neoplastic::Soft_Tissue::Neural::Merkel_Cell_Carcinoma
Thoracic_Lecture_1_Lung_Non_Neoplastic1,Thoracic Lecture 1 Lung Non Neoplastic1,Thorax_Mediastinum,thoracic_lecture_1_lung_non_neoplastic1_v0_1,6,14,https://storage.googleapis.com/pathology-hub-0/source_videos/Thoracic_Lecture_1_Lung_Non_Neoplastic1.mp4,Thorax_Mediastinum::Lung::Inflammatory::Airways::Bronchiolitis_Obliterans_Organizing_Pneumonia_BOOP | Thorax_Mediastinum::Lung::Inflammatory::Airspace::Diffuse_Alveolar_Damage | Thorax_Mediastinum::Lung::Inflammatory::Eosinophilic::Eosinophilic_Pneumonia | Thorax_Mediastinum::Lung::Inflammatory::Vasculitis::Granulomatosis_with_Polyangiitis_GPA | Thorax_Mediastinum::Lung::Inflammatory::Immune::Hypersensitivity_Pneumonitis | Thorax_Mediastinum::Lung::Inflammatory::Granulomatous::Sarcoidosis
