root,source,tag,record_id,title,path
GYN::Ovary,abpath,GYN::Ovary::Congenital_Structural::Cyst::Follicular_Cysts,Follicular_Cysts,Follicular_Cysts,data/curriculum_map_readiness_v0/abpath_source_tags.jsonl
GYN::Ovary,abpath,GYN::Ovary::Congenital_Structural::Cyst::Large_Solitary_Luteinized_Follicle_Cyst,Large_Solitary_Luteinized_Follicle_Cyst,Large_Solitary_Luteinized_Follicle_Cyst,data/curriculum_map_readiness_v0/abpath_source_tags.jsonl
GYN::Ovary,abpath,GYN::Ovary::Congenital_Structural::Heterotopia::Endometriosis_And_Deciduosis,Endometriosis_And_Deciduosis,Endometriosis_And_Deciduosis,data/curriculum_map_readiness_v0/abpath_source_tags.jsonl
GYN::Ovary,abpath,GYN::Ovary::Congenital_Structural::Mechanical::Massive_Edema_And_Fibromatosis,Massive_Edema_And_Fibromatosis,Massive_Edema_And_Fibromatosis,data/curriculum_map_readiness_v0/abpath_source_tags.jsonl
GYN::Ovary,abpath,GYN::Ovary::Congenital_Structural::Mechanical::Ovarian_Torsion,Ovarian_Torsion,Ovarian_Torsion,data/curriculum_map_readiness_v0/abpath_source_tags.jsonl
GYN::Ovary,abpath,GYN::Ovary::Congenital_Structural::Physiologic::Hyperreactio_Luteinalis,Hyperreactio_Luteinalis,Hyperreactio_Luteinalis,data/curriculum_map_readiness_v0/abpath_source_tags.jsonl
GYN::Ovary,abpath,GYN::Ovary::Congenital_Structural::Physiologic::Pregnancy_Luteoma,Pregnancy_Luteoma,Pregnancy_Luteoma,data/curriculum_map_readiness_v0/abpath_source_tags.jsonl
GYN::Ovary,abpath,GYN::Ovary::Congenital_Structural::Physiologic::Stromal_Hyperplasia_And_Hyperthecosis,Stromal_Hyperplasia_And_Hyperthecosis,Stromal_Hyperplasia_And_Hyperthecosis,data/curriculum_map_readiness_v0/abpath_source_tags.jsonl
GYN::Ovary,abpath,GYN::Ovary::Inflammatory::Autoimmune::Autoimmune_Oophoritis,Autoimmune_Oophoritis,Autoimmune_Oophoritis,data/curriculum_map_readiness_v0/abpath_source_tags.jsonl
GYN::Ovary,abpath,GYN::Ovary::Inflammatory::Chronic::Luteinized_Thecoma_With_Sclerosing_Peritonitis,Luteinized_Thecoma_With_Sclerosing_Peritonitis,Luteinized_Thecoma_With_Sclerosing_Peritonitis,data/curriculum_map_readiness_v0/abpath_source_tags.jsonl
GYN::Ovary,abpath,GYN::Ovary::Neoplastic::Epithelial::Benign::Brenner_Tumor_Benign,Brenner_Tumor_Benign,Brenner_Tumor_Benign,data/curriculum_map_readiness_v0/abpath_source_tags.jsonl
GYN::Ovary,abpath,GYN::Ovary::Neoplastic::Epithelial::Benign::Endometrioid_Tumor_Benign,Endometrioid_Tumor_Benign,Endometrioid_Tumor_Benign,data/curriculum_map_readiness_v0/abpath_source_tags.jsonl
GYN::Ovary,abpath,GYN::Ovary::Neoplastic::Epithelial::Benign::Mucinous_Tumor_Benign,Mucinous_Tumor_Benign,Mucinous_Tumor_Benign,data/curriculum_map_readiness_v0/abpath_source_tags.jsonl
GYN::Ovary,abpath,GYN::Ovary::Neoplastic::Epithelial::Benign::Serous_Tumor_Benign,Serous_Tumor_Benign,Serous_Tumor_Benign,data/curriculum_map_readiness_v0/abpath_source_tags.jsonl
GYN::Ovary,abpath,GYN::Ovary::Neoplastic::Epithelial::Borderline::Brenner_Tumor_Borderline,Brenner_Tumor_Borderline,Brenner_Tumor_Borderline,data/curriculum_map_readiness_v0/abpath_source_tags.jsonl
GYN::Ovary,abpath,GYN::Ovary::Neoplastic::Epithelial::Borderline::Clear_Cell_Borderline_Tumor,Clear_Cell_Borderline_Tumor,Clear_Cell_Borderline_Tumor,data/curriculum_map_readiness_v0/abpath_source_tags.jsonl
GYN::Ovary,abpath,GYN::Ovary::Neoplastic::Epithelial::Borderline::Endometrioid_Borderline_Tumor,Endometrioid_Borderline_Tumor,Endometrioid_Borderline_Tumor,data/curriculum_map_readiness_v0/abpath_source_tags.jsonl
GYN::Ovary,abpath,GYN::Ovary::Neoplastic::Epithelial::Borderline::Mucinous_Borderline_Tumor_Intestinal_Type,Mucinous_Borderline_Tumor_Intestinal_Type,Mucinous_Borderline_Tumor_Intestinal_Type,data/curriculum_map_readiness_v0/abpath_source_tags.jsonl
GYN::Ovary,abpath,GYN::Ovary::Neoplastic::Epithelial::Borderline::Seromucinous_Borderline_Tumor,Seromucinous_Borderline_Tumor,Seromucinous_Borderline_Tumor,data/curriculum_map_readiness_v0/abpath_source_tags.jsonl
GYN::Ovary,abpath,GYN::Ovary::Neoplastic::Epithelial::Borderline::Serous_Borderline_Tumor,Serous_Borderline_Tumor,Serous_Borderline_Tumor,data/curriculum_map_readiness_v0/abpath_source_tags.jsonl
GYN::Ovary,abpath,GYN::Ovary::Neoplastic::Epithelial::Malignant::Brenner_Tumor_Malignant,Brenner_Tumor_Malignant,Brenner_Tumor_Malignant,data/curriculum_map_readiness_v0/abpath_source_tags.jsonl
GYN::Ovary,abpath,GYN::Ovary::Neoplastic::Epithelial::Malignant::Carcinosarcoma,Carcinosarcoma,Carcinosarcoma,data/curriculum_map_readiness_v0/abpath_source_tags.jsonl
GYN::Ovary,abpath,GYN::Ovary::Neoplastic::Epithelial::Malignant::Clear_Cell_Carcinoma,Clear_Cell_Carcinoma,Clear_Cell_Carcinoma,data/curriculum_map_readiness_v0/abpath_source_tags.jsonl
GYN::Ovary,abpath,GYN::Ovary::Neoplastic::Epithelial::Malignant::Endometrioid_Adenocarcinoma,Endometrioid_Adenocarcinoma,Endometrioid_Adenocarcinoma,data/curriculum_map_readiness_v0/abpath_source_tags.jsonl
GYN::Ovary,abpath,GYN::Ovary::Neoplastic::Epithelial::Malignant::Hepatoid_Carcinoma,Hepatoid_Carcinoma,Hepatoid_Carcinoma,data/curriculum_map_readiness_v0/abpath_source_tags.jsonl
GU::Prostate,abpath,GU::Prostate::Additional_Topics::Extraprostatic_Extension,Extraprostatic_Extension,Extraprostatic_Extension,data/curriculum_map_readiness_v0/abpath_source_tags.jsonl
GU::Prostate,abpath,GU::Prostate::Additional_Topics::Gleason_Grading,Gleason_Grading,Gleason_Grading,data/curriculum_map_readiness_v0/abpath_source_tags.jsonl
GU::Prostate,abpath,GU::Prostate::Additional_Topics::Immunohistochemistry,Immunohistochemistry,Immunohistochemistry,data/curriculum_map_readiness_v0/abpath_source_tags.jsonl
GU::Prostate,abpath,GU::Prostate::Additional_Topics::Lymph_Node_Metastasis,Lymph_Node_Metastasis,Lymph_Node_Metastasis,data/curriculum_map_readiness_v0/abpath_source_tags.jsonl
GU::Prostate,abpath,GU::Prostate::Additional_Topics::Margins,Margins,Margins,data/curriculum_map_readiness_v0/abpath_source_tags.jsonl
GU::Prostate,abpath,GU::Prostate::Additional_Topics::Tumor_Volume_Estimation,Tumor_Volume_Estimation,Tumor_Volume_Estimation,data/curriculum_map_readiness_v0/abpath_source_tags.jsonl
GU::Prostate,abpath,GU::Prostate::Basal_Cell_Neoplasms::Basal_Cell_Carcinoma,Basal_Cell_Carcinoma,Basal_Cell_Carcinoma,data/curriculum_map_readiness_v0/abpath_source_tags.jsonl
GU::Prostate,abpath,GU::Prostate::Benign::Adenosis,Adenosis,Adenosis,data/curriculum_map_readiness_v0/abpath_source_tags.jsonl
GU::Prostate,abpath,GU::Prostate::Benign::Atrophy,Atrophy,Atrophy,data/curriculum_map_readiness_v0/abpath_source_tags.jsonl
GU::Prostate,abpath,GU::Prostate::Benign::Basal_Cell_Hyperplasia,Basal_Cell_Hyperplasia,Basal_Cell_Hyperplasia,data/curriculum_map_readiness_v0/abpath_source_tags.jsonl
GU::Prostate,abpath,GU::Prostate::Benign::Clear_Cell_Cribriform_Hyperplasia,Clear_Cell_Cribriform_Hyperplasia,Clear_Cell_Cribriform_Hyperplasia,data/curriculum_map_readiness_v0/abpath_source_tags.jsonl
GU::Prostate,abpath,GU::Prostate::Benign::Hyperplasia,Hyperplasia,Hyperplasia,data/curriculum_map_readiness_v0/abpath_source_tags.jsonl
GU::Prostate,abpath,GU::Prostate::Benign::Large_&_Cribriform_Gland_Patterns,Large_&_Cribriform_Gland_Patterns,Large_&_Cribriform_Gland_Patterns,data/curriculum_map_readiness_v0/abpath_source_tags.jsonl
GU::Prostate,abpath,GU::Prostate::Benign::Nonglandular_Patterns,Nonglandular_Patterns,Nonglandular_Patterns,data/curriculum_map_readiness_v0/abpath_source_tags.jsonl
GU::Prostate,abpath,GU::Prostate::Benign::Normal_Prostate,Normal_Prostate,Normal_Prostate,data/curriculum_map_readiness_v0/abpath_source_tags.jsonl
GU::Prostate,abpath,GU::Prostate::Benign::Post_Atrophic_Hyperplasia,Post_Atrophic_Hyperplasia,Post_Atrophic_Hyperplasia,data/curriculum_map_readiness_v0/abpath_source_tags.jsonl
GU::Prostate,abpath,GU::Prostate::Benign::Prostatic_Type_Polyp_Ectopic,Prostatic_Type_Polyp_Ectopic,Prostatic_Type_Polyp_Ectopic,data/curriculum_map_readiness_v0/abpath_source_tags.jsonl
GU::Prostate,abpath,GU::Prostate::Benign::Sclerosing_Adenosis,Sclerosing_Adenosis,Sclerosing_Adenosis,data/curriculum_map_readiness_v0/abpath_source_tags.jsonl
GU::Prostate,abpath,GU::Prostate::Benign::Veromontanum_Hyperplasia,Veromontanum_Hyperplasia,Veromontanum_Hyperplasia,data/curriculum_map_readiness_v0/abpath_source_tags.jsonl
GU::Prostate,abpath,GU::Prostate::Benign::Xanthoma,Xanthoma,Xanthoma,data/curriculum_map_readiness_v0/abpath_source_tags.jsonl
GU::Prostate,abpath,GU::Prostate::Glandular_neoplasms::Foamy_Gland_Adenocarcinoma,Foamy_Gland_Adenocarcinoma,Foamy_Gland_Adenocarcinoma,data/curriculum_map_readiness_v0/abpath_source_tags.jsonl
GU::Prostate,abpath,GU::Prostate::Glandular_neoplasms::High_Grade_Prostatic_Intraepithelial_Neoplasia,High_Grade_Prostatic_Intraepithelial_Neoplasia,High_Grade_Prostatic_Intraepithelial_Neoplasia,data/curriculum_map_readiness_v0/abpath_source_tags.jsonl
GU::Prostate,abpath,GU::Prostate::Glandular_neoplasms::Intraductal_Carcinoma_of_the_Prostate,Intraductal_Carcinoma_of_the_Prostate,Intraductal_Carcinoma_of_the_Prostate,data/curriculum_map_readiness_v0/abpath_source_tags.jsonl
GU::Prostate,abpath,GU::Prostate::Glandular_neoplasms::Mucinous_Adenocarcinoma,Mucinous_Adenocarcinoma,Mucinous_Adenocarcinoma,data/curriculum_map_readiness_v0/abpath_source_tags.jsonl
GU::Prostate,abpath,GU::Prostate::Glandular_neoplasms::Prostatic_Acinar_Adenocarcinoma,Prostatic_Acinar_Adenocarcinoma,Prostatic_Acinar_Adenocarcinoma,data/curriculum_map_readiness_v0/abpath_source_tags.jsonl
Breast,abpath,Breast::Congenital_Structural::Cyst::Fibrocystic_Changes,Fibrocystic_Changes,Fibrocystic_Changes,data/curriculum_map_readiness_v0/abpath_source_tags.jsonl
Breast,abpath,Breast::Congenital_Structural::Cyst::Galactocele,Galactocele,Galactocele,data/curriculum_map_readiness_v0/abpath_source_tags.jsonl
Breast,abpath,Breast::Congenital_Structural::Cyst::Simple_Cyst,Simple_Cyst,Simple_Cyst,data/curriculum_map_readiness_v0/abpath_source_tags.jsonl
Breast,abpath,Breast::Congenital_Structural::Hamartoma::Mammary_Hamartoma,Mammary_Hamartoma,Mammary_Hamartoma,data/curriculum_map_readiness_v0/abpath_source_tags.jsonl
Breast,abpath,Breast::Congenital_Structural::Malformation::Accessory_Breast_Tissue,Accessory_Breast_Tissue,Accessory_Breast_Tissue,data/curriculum_map_readiness_v0/abpath_source_tags.jsonl
Breast,abpath,Breast::Congenital_Structural::Malformation::Gynecomastia,Gynecomastia,Gynecomastia,data/curriculum_map_readiness_v0/abpath_source_tags.jsonl
Breast,abpath,Breast::Congenital_Structural::Malformation::Juvenile_Papillomatosis,Juvenile_Papillomatosis,Juvenile_Papillomatosis,data/curriculum_map_readiness_v0/abpath_source_tags.jsonl
Breast,abpath,Breast::Congenital_Structural::Mechanical::Epithelial_Displacement_Biopsy_Site,Epithelial_Displacement_Biopsy_Site,Epithelial_Displacement_Biopsy_Site,data/curriculum_map_readiness_v0/abpath_source_tags.jsonl
Breast,abpath,Breast::Congenital_Structural::Mechanical::Implant_Pathology_NOS,Implant_Pathology_NOS,Implant_Pathology_NOS,data/curriculum_map_readiness_v0/abpath_source_tags.jsonl
Breast,abpath,Breast::Congenital_Structural::Mechanical::Mammary_Duct_Ectasia,Mammary_Duct_Ectasia,Mammary_Duct_Ectasia,data/curriculum_map_readiness_v0/abpath_source_tags.jsonl
Breast,abpath,Breast::Depositional_Metabolic::Amyloidosis,Amyloidosis,Amyloidosis,data/curriculum_map_readiness_v0/abpath_source_tags.jsonl
Breast,abpath,Breast::Epithelial::Ductal_Adenoma,Ductal_Adenoma,Ductal_Adenoma,data/curriculum_map_readiness_v0/abpath_source_tags.jsonl
Breast,abpath,Breast::Epithelial::Ductal_Carcinoma::Carcinoma_with_Apocrine_Differentiation,Carcinoma_with_Apocrine_Differentiation,Carcinoma_with_Apocrine_Differentiation,data/curriculum_map_readiness_v0/abpath_source_tags.jsonl
Breast,abpath,Breast::Epithelial::Ductal_Carcinoma::Cribriform_Carcinoma,Cribriform_Carcinoma,Cribriform_Carcinoma,data/curriculum_map_readiness_v0/abpath_source_tags.jsonl
Breast,abpath,Breast::Epithelial::Ductal_Carcinoma::Mucinous_Cystadenocarcinoma,Mucinous_Cystadenocarcinoma,Mucinous_Cystadenocarcinoma,data/curriculum_map_readiness_v0/abpath_source_tags.jsonl
Breast,abpath,Breast::Epithelial::Ductal_Carcinoma::Tubular_Carcinoma,Tubular_Carcinoma,Tubular_Carcinoma,data/curriculum_map_readiness_v0/abpath_source_tags.jsonl
Breast,abpath,Breast::Epithelial::Lactating_Adenoma,Lactating_Adenoma,Lactating_Adenoma,data/curriculum_map_readiness_v0/abpath_source_tags.jsonl
Breast,abpath,Breast::Epithelial::Microglandular_Adenosis,Microglandular_Adenosis,Microglandular_Adenosis,data/curriculum_map_readiness_v0/abpath_source_tags.jsonl
Breast,abpath,Breast::Epithelial::MyoEpithelial::Pleomorphic_Adenoma,Pleomorphic_Adenoma,Pleomorphic_Adenoma,data/curriculum_map_readiness_v0/abpath_source_tags.jsonl
Breast,abpath,Breast::Epithelial::Neuroendocrine_Tumors::Neuroendocrine_Carcinoma,Neuroendocrine_Carcinoma,Neuroendocrine_Carcinoma,data/curriculum_map_readiness_v0/abpath_source_tags.jsonl
Breast,abpath,Breast::Epithelial::Papillary_Neoplasms::Invasive_Papillary_Carcinoma,Invasive_Papillary_Carcinoma,Invasive_Papillary_Carcinoma,data/curriculum_map_readiness_v0/abpath_source_tags.jsonl
Breast,abpath,Breast::Epithelial::Radial_Scar_complex_sclerosing_lesion,Radial_Scar_complex_sclerosing_lesion,Radial_Scar_complex_sclerosing_lesion,data/curriculum_map_readiness_v0/abpath_source_tags.jsonl
Breast,abpath,Breast::Epithelial::Salivary_Tumors::Acinic_Cell_Carcinoma,Acinic_Cell_Carcinoma,Acinic_Cell_Carcinoma,data/curriculum_map_readiness_v0/abpath_source_tags.jsonl
Breast,abpath,Breast::Epithelial::Salivary_Tumors::Mucoepidermoid_Carcinoma,Mucoepidermoid_Carcinoma,Mucoepidermoid_Carcinoma,data/curriculum_map_readiness_v0/abpath_source_tags.jsonl
Breast,abpath,Breast::Epithelial::Salivary_Tumors::Polymorphous_Adenocarcinoma,Polymorphous_Adenocarcinoma,Polymorphous_Adenocarcinoma,data/curriculum_map_readiness_v0/abpath_source_tags.jsonl
GI,abpath,BST::Soft_Tissue::Congenital_Structural::Hamartoma::Ectopic_Meningioma_And_Meningothelial_Hamartoma,Ectopic_Meningioma_And_Meningothelial_Hamartoma,Ectopic_Meningioma_And_Meningothelial_Hamartoma,data/curriculum_map_readiness_v0/abpath_source_tags.jsonl
GI,abpath,BST::Soft_Tissue::Adipocytic::Benign::Angiolipoma,Angiolipoma,Angiolipoma,data/curriculum_map_readiness_v0/abpath_source_tags.jsonl
GI,abpath,BST::Soft_Tissue::Fibroblastic::Benign::Angiomyofibroblastoma,Angiomyofibroblastoma,Angiomyofibroblastoma,data/curriculum_map_readiness_v0/abpath_source_tags.jsonl
GI,abpath,BST::Soft_Tissue::Fibroblastic::Benign::Cellular_Angiofibroma,Cellular_Angiofibroma,Cellular_Angiofibroma,data/curriculum_map_readiness_v0/abpath_source_tags.jsonl
GI,abpath,BST::Soft_Tissue::Fibroblastic::Intermediate::Giant_Cell_Fibroblastoma,Giant_Cell_Fibroblastoma,Giant_Cell_Fibroblastoma,data/curriculum_map_readiness_v0/abpath_source_tags.jsonl
GI,abpath,BST::Soft_Tissue::Fibrohistiocytic::Benign::Tenosynovial_Giant_Cell_Tumor_Localized,Tenosynovial_Giant_Cell_Tumor_Localized,Tenosynovial_Giant_Cell_Tumor_Localized,data/curriculum_map_readiness_v0/abpath_source_tags.jsonl
GI,abpath,BST::Soft_Tissue::Fibrohistiocytic::Intermediate::Tenosynovial_Giant_Cell_Tumor_Diffuse,Tenosynovial_Giant_Cell_Tumor_Diffuse,Tenosynovial_Giant_Cell_Tumor_Diffuse,data/curriculum_map_readiness_v0/abpath_source_tags.jsonl
GI,abpath,BST::Soft_Tissue::Fibrohistiocytic::Intermediate::Giant_Cell_Tumor_Of_Soft_Tissue,Giant_Cell_Tumor_Of_Soft_Tissue,Giant_Cell_Tumor_Of_Soft_Tissue,data/curriculum_map_readiness_v0/abpath_source_tags.jsonl
GI,abpath,BST::Soft_Tissue::Fibrohistiocytic::Intermediate::Angiomatoid_Fibrous_Histiocytoma,Angiomatoid_Fibrous_Histiocytoma,Angiomatoid_Fibrous_Histiocytoma,data/curriculum_map_readiness_v0/abpath_source_tags.jsonl
GI,abpath,BST::Soft_Tissue::Fibrohistiocytic::Malignant::Malignant_Tenosynovial_Giant_Cell_Tumor,Malignant_Tenosynovial_Giant_Cell_Tumor,Malignant_Tenosynovial_Giant_Cell_Tumor,data/curriculum_map_readiness_v0/abpath_source_tags.jsonl
GI,abpath,BST::Soft_Tissue::Vascular::Benign::Hemangioma_Synovial,Hemangioma_Synovial,Hemangioma_Synovial,data/curriculum_map_readiness_v0/abpath_source_tags.jsonl
GI,abpath,BST::Soft_Tissue::Vascular::Benign::Hemangioma_Intramuscular,Hemangioma_Intramuscular,Hemangioma_Intramuscular,data/curriculum_map_readiness_v0/abpath_source_tags.jsonl
GI,abpath,BST::Soft_Tissue::Vascular::Benign::Hemangioma_Venous,Hemangioma_Venous,Hemangioma_Venous,data/curriculum_map_readiness_v0/abpath_source_tags.jsonl
GI,abpath,BST::Soft_Tissue::Vascular::Benign::Hemangioma_Arteriovenous,Hemangioma_Arteriovenous,Hemangioma_Arteriovenous,data/curriculum_map_readiness_v0/abpath_source_tags.jsonl
GI,abpath,BST::Soft_Tissue::Vascular::Benign::Hemangioma_Epithelioid,Hemangioma_Epithelioid,Hemangioma_Epithelioid,data/curriculum_map_readiness_v0/abpath_source_tags.jsonl
GI,abpath,BST::Soft_Tissue::Vascular::Benign::Lobular_Capillary_Hemangioma,Lobular_Capillary_Hemangioma,Lobular_Capillary_Hemangioma,data/curriculum_map_readiness_v0/abpath_source_tags.jsonl
GI,abpath,BST::Soft_Tissue::Vascular::Benign::Congenital_Hemangioma,Congenital_Hemangioma,Congenital_Hemangioma,data/curriculum_map_readiness_v0/abpath_source_tags.jsonl
GI,abpath,BST::Soft_Tissue::Vascular::Benign::Infantile_Hemangioma,Infantile_Hemangioma,Infantile_Hemangioma,data/curriculum_map_readiness_v0/abpath_source_tags.jsonl
GI,abpath,BST::Soft_Tissue::Vascular::Benign::Cavernous_Hemangioma,Cavernous_Hemangioma,Cavernous_Hemangioma,data/curriculum_map_readiness_v0/abpath_source_tags.jsonl
GI,abpath,BST::Soft_Tissue::Vascular::Benign::Sinusoidal_Hemangioma,Sinusoidal_Hemangioma,Sinusoidal_Hemangioma,data/curriculum_map_readiness_v0/abpath_source_tags.jsonl
GI,abpath,BST::Soft_Tissue::Vascular::Benign::Microvenular_Hemangioma,Microvenular_Hemangioma,Microvenular_Hemangioma,data/curriculum_map_readiness_v0/abpath_source_tags.jsonl
GI,abpath,BST::Soft_Tissue::Vascular::Benign::Hobnail_Hemangioma,Hobnail_Hemangioma,Hobnail_Hemangioma,data/curriculum_map_readiness_v0/abpath_source_tags.jsonl
GI,abpath,BST::Soft_Tissue::Vascular::Benign::Glomeruloid_Hemangioma,Glomeruloid_Hemangioma,Glomeruloid_Hemangioma,data/curriculum_map_readiness_v0/abpath_source_tags.jsonl
GI,abpath,BST::Soft_Tissue::Vascular::Benign::Spindle_Cell_Hemangioma,Spindle_Cell_Hemangioma,Spindle_Cell_Hemangioma,data/curriculum_map_readiness_v0/abpath_source_tags.jsonl
GI,abpath,BST::Soft_Tissue::Vascular::Benign::Anastomosing_Hemangioma,Anastomosing_Hemangioma,Anastomosing_Hemangioma,data/curriculum_map_readiness_v0/abpath_source_tags.jsonl
Lung,abpath,Cyto_Adrenal::Malignant::Metastasis_To_Adrenal_Lung,Metastasis_To_Adrenal_Lung,Metastasis_To_Adrenal_Lung,data/curriculum_map_readiness_v0/abpath_source_tags.jsonl
Lung,abpath,Cyto_Fluids::Malignant::Metastatic::Adenocarcinoma_Lung,Adenocarcinoma_Lung,Adenocarcinoma_Lung,data/curriculum_map_readiness_v0/abpath_source_tags.jsonl
Lung,abpath,Cyto_Fluids::Malignant::Metastatic::Small_Cell_Carcinoma_Lung,Small_Cell_Carcinoma_Lung,Small_Cell_Carcinoma_Lung,data/curriculum_map_readiness_v0/abpath_source_tags.jsonl
Lung,abpath,Cyto_Heme::Malignant::Metastatic::Carcinoma_Breast_Lung_GI,Carcinoma_Breast_Lung_GI,Carcinoma_Breast_Lung_GI,data/curriculum_map_readiness_v0/abpath_source_tags.jsonl
Lung,abpath,Cyto_Liver::Malignant::Metastatic::Metastatic_Lung_Carcinoma_Non_Small_Cell,Metastatic_Lung_Carcinoma_Non_Small_Cell,Metastatic_Lung_Carcinoma_Non_Small_Cell,data/curriculum_map_readiness_v0/abpath_source_tags.jsonl
Lung,abpath,Cyto_Liver::Malignant::Metastatic::Metastatic_Lung_Carcinoma_Small_Cell,Metastatic_Lung_Carcinoma_Small_Cell,Metastatic_Lung_Carcinoma_Small_Cell,data/curriculum_map_readiness_v0/abpath_source_tags.jsonl
Lung,abpath,Cyto_Neuro::Malignant::Metastatic::Metastatic_Carcinoma_Lung,Metastatic_Carcinoma_Lung,Metastatic_Carcinoma_Lung,data/curriculum_map_readiness_v0/abpath_source_tags.jsonl
Lung,abpath,Cyto_Pancreatobiliary::Malignant::Metastatic::Metastasis_Lung_Carcinoma,Metastasis_Lung_Carcinoma,Metastasis_Lung_Carcinoma,data/curriculum_map_readiness_v0/abpath_source_tags.jsonl
Lung,abpath,Cyto_Thoracic::Benign_Reactive::Inflammatory::Amyloidosis_Lung,Amyloidosis_Lung,Amyloidosis_Lung,data/curriculum_map_readiness_v0/abpath_source_tags.jsonl
Lung,abpath,Cyto_Thoracic::Malignant::Carcinoma::Adenocarcinoma_Lung_Enteric,Adenocarcinoma_Lung_Enteric,Adenocarcinoma_Lung_Enteric,data/curriculum_map_readiness_v0/abpath_source_tags.jsonl
Lung,abpath,Cyto_Thoracic::Malignant::Carcinoma::Adenocarcinoma_Lung_Fetal,Adenocarcinoma_Lung_Fetal,Adenocarcinoma_Lung_Fetal,data/curriculum_map_readiness_v0/abpath_source_tags.jsonl
Lung,abpath,Cyto_Thoracic::Malignant::Carcinoma::Adenocarcinoma_Lung_Invasive,Adenocarcinoma_Lung_Invasive,Adenocarcinoma_Lung_Invasive,data/curriculum_map_readiness_v0/abpath_source_tags.jsonl
Lung,abpath,Cyto_Thoracic::Malignant::Carcinoma::Adenocarcinoma_Lung_Lepidic_Pattern,Adenocarcinoma_Lung_Lepidic_Pattern,Adenocarcinoma_Lung_Lepidic_Pattern,data/curriculum_map_readiness_v0/abpath_source_tags.jsonl
Lung,abpath,Cyto_Thoracic::Malignant::Carcinoma::Adenocarcinoma_Lung_Mucinous,Adenocarcinoma_Lung_Mucinous,Adenocarcinoma_Lung_Mucinous,data/curriculum_map_readiness_v0/abpath_source_tags.jsonl
Lung,abpath,Cyto_Thoracic::Malignant::Metastatic::Metastatic_Tumor_To_Lung,Metastatic_Tumor_To_Lung,Metastatic_Tumor_To_Lung,data/curriculum_map_readiness_v0/abpath_source_tags.jsonl
Lung,abpath,Cyto_Thoracic::Malignant::Neuroendocrine::Small_Cell_Lung_Carcinoma,Small_Cell_Lung_Carcinoma,Small_Cell_Lung_Carcinoma,data/curriculum_map_readiness_v0/abpath_source_tags.jsonl
Lung,abpath,Cyto_Thyroid::Malignant::Metastatic::Metastasis_To_Thyroid_Lung,Metastasis_To_Thyroid_Lung,Metastasis_To_Thyroid_Lung,data/curriculum_map_readiness_v0/abpath_source_tags.jsonl
Lung,abpath,GYN::Ovary::Neoplastic::Metastatic::Metastatic_Lung_Carcinoma,Metastatic_Lung_Carcinoma,Metastatic_Lung_Carcinoma,data/curriculum_map_readiness_v0/abpath_source_tags.jsonl
Lung,abpath,Molecular::Solid::Lung::Non_Small_Cell_Carcinoma,Non_Small_Cell_Carcinoma,Non_Small_Cell_Carcinoma,data/curriculum_map_readiness_v0/abpath_source_tags.jsonl
Lung,abpath,Molecular::Solid::Lung::Small_Cell_Carcinoma,Small_Cell_Carcinoma,Small_Cell_Carcinoma,data/curriculum_map_readiness_v0/abpath_source_tags.jsonl
Lung,lectures,Breast::Lectures::Breast_Lecture_Fibroepithelial::Metastatic_Small_Cell_Carcinoma_Lung_and_Vulva,lecture::gcs_gs_pathology_hub_02_normalized_lectures_lecture_chunks::000000000_000000000_000666,Benign Cystic Neck Mass (Case 01),data/curriculum_map_readiness_v0/lecture_timecoded_vector_docstore_STRICT_CYTO_v9.sample5000.jsonl
Lung,lectures,Breast::Lectures::Breast_Lecture_IHC::Distinguishing_Breast_Cancer_from_Lung_Primary_Cancer,lecture::gcs_gs_pathology_hub_02_normalized_lectures_lecture_chunks::000000000_000000000_000866,Benign Cystic Neck Mass (Case 01),data/curriculum_map_readiness_v0/lecture_timecoded_vector_docstore_STRICT_CYTO_v9.sample5000.jsonl
Lung,lectures,Breast::Lectures::Breast_Lecture_IHC::Adenocarcinoma_Distinguishing_Breast_vs_Lung_Origin,lecture::gcs_gs_pathology_hub_02_normalized_lectures_lecture_chunks::000000000_000000000_000867,Benign Cystic Neck Mass (Case 01),data/curriculum_map_readiness_v0/lecture_timecoded_vector_docstore_STRICT_CYTO_v9.sample5000.jsonl
Lung,lectures,Breast::Lectures::Breast_Lecture_IHC::Adenocarcinoma_Differential_Diagnosis_in_Breast_vs_Lung,lecture::gcs_gs_pathology_hub_02_normalized_lectures_lecture_chunks::000000000_000000000_000868,Benign Cystic Neck Mass (Case 01),data/curriculum_map_readiness_v0/lecture_timecoded_vector_docstore_STRICT_CYTO_v9.sample5000.jsonl
Lung,lectures,Breast::Lectures::Breast_Lecture_IHC::Adenocarcinoma_Comparing_Breast_and_Lung_Cancer,lecture::gcs_gs_pathology_hub_02_normalized_lectures_lecture_chunks::000000000_000000000_000869,Benign Cystic Neck Mass (Case 01),data/curriculum_map_readiness_v0/lecture_timecoded_vector_docstore_STRICT_CYTO_v9.sample5000.jsonl
Derm,abpath,BST::Soft_Tissue::Fibroblastic::Benign::Dermatomyofibroma,Dermatomyofibroma,Dermatomyofibroma,data/curriculum_map_readiness_v0/abpath_source_tags.jsonl
Derm,abpath,BST::Soft_Tissue::Fibroblastic::Intermediate::Dermatofibrosarcoma_Protuberans_Conventional,Dermatofibrosarcoma_Protuberans_Conventional,Dermatofibrosarcoma_Protuberans_Conventional,data/curriculum_map_readiness_v0/abpath_source_tags.jsonl
Derm,abpath,BST::Soft_Tissue::Fibroblastic::Malignant::Dermatofibrosarcoma_Protuberans_Fibrosarcomatous,Dermatofibrosarcoma_Protuberans_Fibrosarcomatous,Dermatofibrosarcoma_Protuberans_Fibrosarcomatous,data/curriculum_map_readiness_v0/abpath_source_tags.jsonl
Derm,abpath,BST::Soft_Tissue::Fibrohistiocytic::Benign::Dermatofibroma_Fibrous_Histiocytoma,Dermatofibroma_Fibrous_Histiocytoma,Dermatofibroma_Fibrous_Histiocytoma,data/curriculum_map_readiness_v0/abpath_source_tags.jsonl
Derm,abpath,BST::Soft_Tissue::GIST_Visceral::Malignant::Malignant_Gastrointestinal_Neuroectodermal_Tumor,Malignant_Gastrointestinal_Neuroectodermal_Tumor,Malignant_Gastrointestinal_Neuroectodermal_Tumor,data/curriculum_map_readiness_v0/abpath_source_tags.jsonl
Derm,abpath,BST::Soft_Tissue::Nerve_Sheath::Benign::Dermal_Nerve_Sheath_Myxoma,Dermal_Nerve_Sheath_Myxoma,Dermal_Nerve_Sheath_Myxoma,data/curriculum_map_readiness_v0/abpath_source_tags.jsonl
Derm,abpath,BST::Soft_Tissue::Neuroendocrine::Malignant::Melanotic_Neuroectodermal_Tumor_Of_Infancy,Melanotic_Neuroectodermal_Tumor_Of_Infancy,Melanotic_Neuroectodermal_Tumor_Of_Infancy,data/curriculum_map_readiness_v0/abpath_source_tags.jsonl
Derm,abpath,BST::Bone::Congenital_Structural::Cyst::Epidermoid_Inclusion_Cyst,Epidermoid_Inclusion_Cyst,Epidermoid_Inclusion_Cyst,data/curriculum_map_readiness_v0/abpath_source_tags.jsonl
Derm,abpath,Breast::Epithelial::Salivary_Tumors::Mucoepidermoid_Carcinoma,Mucoepidermoid_Carcinoma,Mucoepidermoid_Carcinoma,data/curriculum_map_readiness_v0/abpath_source_tags.jsonl
Derm,abpath,Breast::Neoplastic::Epithelial::Malignant::Mucoepidermoid_Carcinoma,Mucoepidermoid_Carcinoma,Mucoepidermoid_Carcinoma,data/curriculum_map_readiness_v0/abpath_source_tags.jsonl
Derm,abpath,Cyto_Derm::Benign::Chondroid_Syringoma_Mixed_Tumor,Chondroid_Syringoma_Mixed_Tumor,Chondroid_Syringoma_Mixed_Tumor,data/curriculum_map_readiness_v0/abpath_source_tags.jsonl
Derm,abpath,Cyto_Derm::Benign::Cylindroma,Cylindroma,Cylindroma,data/curriculum_map_readiness_v0/abpath_source_tags.jsonl
Derm,abpath,Cyto_Derm::Benign::Dermatofibroma_Benign_Fibrous_Histiocytoma,Dermatofibroma_Benign_Fibrous_Histiocytoma,Dermatofibroma_Benign_Fibrous_Histiocytoma,data/curriculum_map_readiness_v0/abpath_source_tags.jsonl
Derm,abpath,Cyto_Derm::Benign::Desmoid_Type_Fibromatosis,Desmoid_Type_Fibromatosis,Desmoid_Type_Fibromatosis,data/curriculum_map_readiness_v0/abpath_source_tags.jsonl
Derm,abpath,Cyto_Derm::Benign::Eccrine_Spiradenoma,Eccrine_Spiradenoma,Eccrine_Spiradenoma,data/curriculum_map_readiness_v0/abpath_source_tags.jsonl
Derm,abpath,Cyto_Derm::Benign::Endometriosis,Endometriosis,Endometriosis,data/curriculum_map_readiness_v0/abpath_source_tags.jsonl
Derm,abpath,Cyto_Derm::Benign::Epidermal_Inclusion_Cyst,Epidermal_Inclusion_Cyst,Epidermal_Inclusion_Cyst,data/curriculum_map_readiness_v0/abpath_source_tags.jsonl
Derm,abpath,Cyto_Derm::Benign::Fat_Necrosis,Fat_Necrosis,Fat_Necrosis,data/curriculum_map_readiness_v0/abpath_source_tags.jsonl
Derm,abpath,Cyto_Derm::Benign::Ganglion_Cyst,Ganglion_Cyst,Ganglion_Cyst,data/curriculum_map_readiness_v0/abpath_source_tags.jsonl
Derm,abpath,Cyto_Derm::Benign::Glomus_Tumor,Glomus_Tumor,Glomus_Tumor,data/curriculum_map_readiness_v0/abpath_source_tags.jsonl
Derm,abpath,Cyto_Derm::Benign::Granular_Cell_Tumor,Granular_Cell_Tumor,Granular_Cell_Tumor,data/curriculum_map_readiness_v0/abpath_source_tags.jsonl
Derm,abpath,Cyto_Derm::Benign::Hemangioma,Hemangioma,Hemangioma,data/curriculum_map_readiness_v0/abpath_source_tags.jsonl
Derm,abpath,Cyto_Derm::Benign::Hibernoma,Hibernoma,Hibernoma,data/curriculum_map_readiness_v0/abpath_source_tags.jsonl
Derm,abpath,Cyto_Derm::Benign::Lipoma,Lipoma,Lipoma,data/curriculum_map_readiness_v0/abpath_source_tags.jsonl
Derm,abpath,Cyto_Derm::Benign::Lymphangioma,Lymphangioma,Lymphangioma,data/curriculum_map_readiness_v0/abpath_source_tags.jsonl
Bone,abpath,BST::Soft_Tissue::Congenital_Structural::Cyst::Aneurysmal_Bone_Cyst_Of_Soft_Tissue,Aneurysmal_Bone_Cyst_Of_Soft_Tissue,Aneurysmal_Bone_Cyst_Of_Soft_Tissue,data/curriculum_map_readiness_v0/abpath_source_tags.jsonl
Bone,abpath,BST::Bone::Normal_Histology::Growth_And_Development,Growth_And_Development,Growth_And_Development,data/curriculum_map_readiness_v0/abpath_source_tags.jsonl
Bone,abpath,BST::Bone::Normal_Histology::Radiologic_Approach_To_Bone_Tumors,Radiologic_Approach_To_Bone_Tumors,Radiologic_Approach_To_Bone_Tumors,data/curriculum_map_readiness_v0/abpath_source_tags.jsonl
Bone,abpath,BST::Bone::Congenital_Structural::Cyst::Aneurysmal_Bone_Cyst,Aneurysmal_Bone_Cyst,Aneurysmal_Bone_Cyst,data/curriculum_map_readiness_v0/abpath_source_tags.jsonl
Bone,abpath,BST::Bone::Congenital_Structural::Cyst::Simple_Bone_Cyst,Simple_Bone_Cyst,Simple_Bone_Cyst,data/curriculum_map_readiness_v0/abpath_source_tags.jsonl
Bone,abpath,BST::Bone::Congenital_Structural::Cyst::Epidermoid_Inclusion_Cyst,Epidermoid_Inclusion_Cyst,Epidermoid_Inclusion_Cyst,data/curriculum_map_readiness_v0/abpath_source_tags.jsonl
Bone,abpath,BST::Bone::Congenital_Structural::Cyst::Intraosseous_Ganglion,Intraosseous_Ganglion,Intraosseous_Ganglion,data/curriculum_map_readiness_v0/abpath_source_tags.jsonl
Bone,abpath,BST::Bone::Congenital_Structural::Malformation::Melorheostosis,Melorheostosis,Melorheostosis,data/curriculum_map_readiness_v0/abpath_source_tags.jsonl
Bone,abpath,BST::Bone::Congenital_Structural::Mechanical::Pathology_Of_Intervertebral_Discs_And_Menisci,Pathology_Of_Intervertebral_Discs_And_Menisci,Pathology_Of_Intervertebral_Discs_And_Menisci,data/curriculum_map_readiness_v0/abpath_source_tags.jsonl
Bone,abpath,BST::Bone::Depositional_Metabolic::Metabolic::Common_Metabolic_Bone_Disorders,Common_Metabolic_Bone_Disorders,Common_Metabolic_Bone_Disorders,data/curriculum_map_readiness_v0/abpath_source_tags.jsonl
Bone,abpath,BST::Bone::Depositional_Metabolic::Metabolic::Brown_Tumor,Brown_Tumor,Brown_Tumor,data/curriculum_map_readiness_v0/abpath_source_tags.jsonl
Bone,abpath,BST::Bone::Depositional_Metabolic::Deposition::Crystal_Deposition_Diseases,Crystal_Deposition_Diseases,Crystal_Deposition_Diseases,data/curriculum_map_readiness_v0/abpath_source_tags.jsonl
Bone,abpath,BST::Bone::Depositional_Metabolic::Storage_Disease::Gaucher_Disease,Gaucher_Disease,Gaucher_Disease,data/curriculum_map_readiness_v0/abpath_source_tags.jsonl
Bone,abpath,BST::Bone::Osteogenic::Benign::Osteoma,Osteoma,Osteoma,data/curriculum_map_readiness_v0/abpath_source_tags.jsonl
Bone,abpath,BST::Bone::Osteogenic::Benign::Bone_Island_Enostosis,Bone_Island_Enostosis,Bone_Island_Enostosis,data/curriculum_map_readiness_v0/abpath_source_tags.jsonl
Bone,abpath,BST::Bone::Osteogenic::Benign::Osteoid_Osteoma,Osteoid_Osteoma,Osteoid_Osteoma,data/curriculum_map_readiness_v0/abpath_source_tags.jsonl
Bone,abpath,BST::Bone::Osteogenic::Benign::Osteoblastoma,Osteoblastoma,Osteoblastoma,data/curriculum_map_readiness_v0/abpath_source_tags.jsonl
Bone,abpath,BST::Bone::Osteogenic::Malignant::Osteosarcoma_Conventional,Osteosarcoma_Conventional,Osteosarcoma_Conventional,data/curriculum_map_readiness_v0/abpath_source_tags.jsonl
Bone,abpath,BST::Bone::Osteogenic::Malignant::Osteosarcoma_Telangiectatic,Osteosarcoma_Telangiectatic,Osteosarcoma_Telangiectatic,data/curriculum_map_readiness_v0/abpath_source_tags.jsonl
Bone,abpath,BST::Bone::Osteogenic::Malignant::Osteosarcoma_Small_Cell,Osteosarcoma_Small_Cell,Osteosarcoma_Small_Cell,data/curriculum_map_readiness_v0/abpath_source_tags.jsonl
Bone,abpath,BST::Bone::Osteogenic::Malignant::Osteosarcoma_Low_Grade_Central,Osteosarcoma_Low_Grade_Central,Osteosarcoma_Low_Grade_Central,data/curriculum_map_readiness_v0/abpath_source_tags.jsonl
Bone,abpath,BST::Bone::Osteogenic::Malignant::Osteosarcoma_Parosteal,Osteosarcoma_Parosteal,Osteosarcoma_Parosteal,data/curriculum_map_readiness_v0/abpath_source_tags.jsonl
Bone,abpath,BST::Bone::Osteogenic::Malignant::Osteosarcoma_Periosteal,Osteosarcoma_Periosteal,Osteosarcoma_Periosteal,data/curriculum_map_readiness_v0/abpath_source_tags.jsonl
Bone,abpath,BST::Bone::Osteogenic::Malignant::Osteosarcoma_High_Grade_Surface,Osteosarcoma_High_Grade_Surface,Osteosarcoma_High_Grade_Surface,data/curriculum_map_readiness_v0/abpath_source_tags.jsonl
Bone,abpath,BST::Bone::Osteogenic::Malignant::Osteosarcoma_Secondary,Osteosarcoma_Secondary,Osteosarcoma_Secondary,data/curriculum_map_readiness_v0/abpath_source_tags.jsonl
Soft_Tissue,abpath,BST::Soft_Tissue::Congenital_Structural::Cyst::Ganglion_Cyst,Ganglion_Cyst,Ganglion_Cyst,data/curriculum_map_readiness_v0/abpath_source_tags.jsonl
Soft_Tissue,abpath,BST::Soft_Tissue::Congenital_Structural::Cyst::Synovial_Cyst,Synovial_Cyst,Synovial_Cyst,data/curriculum_map_readiness_v0/abpath_source_tags.jsonl
Soft_Tissue,abpath,BST::Soft_Tissue::Congenital_Structural::Cyst::Peritoneal_Inclusion_Cyst,Peritoneal_Inclusion_Cyst,Peritoneal_Inclusion_Cyst,data/curriculum_map_readiness_v0/abpath_source_tags.jsonl
Soft_Tissue,abpath,BST::Soft_Tissue::Congenital_Structural::Cyst::Aneurysmal_Bone_Cyst_Of_Soft_Tissue,Aneurysmal_Bone_Cyst_Of_Soft_Tissue,Aneurysmal_Bone_Cyst_Of_Soft_Tissue,data/curriculum_map_readiness_v0/abpath_source_tags.jsonl
Soft_Tissue,abpath,BST::Soft_Tissue::Congenital_Structural::Hamartoma::Fibrous_Hamartoma_Of_Infancy,Fibrous_Hamartoma_Of_Infancy,Fibrous_Hamartoma_Of_Infancy,data/curriculum_map_readiness_v0/abpath_source_tags.jsonl
Soft_Tissue,abpath,BST::Soft_Tissue::Congenital_Structural::Hamartoma::Smooth_Muscle_Hamartoma,Smooth_Muscle_Hamartoma,Smooth_Muscle_Hamartoma,data/curriculum_map_readiness_v0/abpath_source_tags.jsonl
Soft_Tissue,abpath,BST::Soft_Tissue::Congenital_Structural::Hamartoma::Neuromuscular_Choristoma,Neuromuscular_Choristoma,Neuromuscular_Choristoma,data/curriculum_map_readiness_v0/abpath_source_tags.jsonl
Soft_Tissue,abpath,BST::Soft_Tissue::Congenital_Structural::Hamartoma::Glial_Heterotopia,Glial_Heterotopia,Glial_Heterotopia,data/curriculum_map_readiness_v0/abpath_source_tags.jsonl
Soft_Tissue,abpath,BST::Soft_Tissue::Congenital_Structural::Hamartoma::Ectopic_Meningioma_And_Meningothelial_Hamartoma,Ectopic_Meningioma_And_Meningothelial_Hamartoma,Ectopic_Meningioma_And_Meningothelial_Hamartoma,data/curriculum_map_readiness_v0/abpath_source_tags.jsonl
Soft_Tissue,abpath,BST::Soft_Tissue::Congenital_Structural::Malformation::Arteriovenous_Malformation,Arteriovenous_Malformation,Arteriovenous_Malformation,data/curriculum_map_readiness_v0/abpath_source_tags.jsonl
Soft_Tissue,abpath,BST::Soft_Tissue::Congenital_Structural::Malformation::Massive_Localized_Lymphedema,Massive_Localized_Lymphedema,Massive_Localized_Lymphedema,data/curriculum_map_readiness_v0/abpath_source_tags.jsonl
Soft_Tissue,abpath,BST::Soft_Tissue::Depositional_Metabolic::Deposition::Amyloidoma,Amyloidoma,Amyloidoma,data/curriculum_map_readiness_v0/abpath_source_tags.jsonl
Soft_Tissue,abpath,BST::Soft_Tissue::Depositional_Metabolic::Deposition::Tumoral_Calcinosis,Tumoral_Calcinosis,Tumoral_Calcinosis,data/curriculum_map_readiness_v0/abpath_source_tags.jsonl
Soft_Tissue,abpath,BST::Soft_Tissue::Depositional_Metabolic::Deposition::Crystal_Storing_Histiocytosis,Crystal_Storing_Histiocytosis,Crystal_Storing_Histiocytosis,data/curriculum_map_readiness_v0/abpath_source_tags.jsonl
Soft_Tissue,abpath,BST::Soft_Tissue::Depositional_Metabolic::Deposition::Xanthomas,Xanthomas,Xanthomas,data/curriculum_map_readiness_v0/abpath_source_tags.jsonl
Soft_Tissue,abpath,BST::Soft_Tissue::Depositional_Metabolic::Inflammatory::Rheumatoid_Nodule,Rheumatoid_Nodule,Rheumatoid_Nodule,data/curriculum_map_readiness_v0/abpath_source_tags.jsonl
Soft_Tissue,abpath,BST::Soft_Tissue::Inflammatory::Acute_Chronic::Focal_Myositis,Focal_Myositis,Focal_Myositis,data/curriculum_map_readiness_v0/abpath_source_tags.jsonl
Soft_Tissue,abpath,BST::Soft_Tissue::Inflammatory::Acute_Chronic::Proliferative_Fasciitis,Proliferative_Fasciitis,Proliferative_Fasciitis,data/curriculum_map_readiness_v0/abpath_source_tags.jsonl
Soft_Tissue,abpath,BST::Soft_Tissue::Inflammatory::Acute_Chronic::Proliferative_Myositis,Proliferative_Myositis,Proliferative_Myositis,data/curriculum_map_readiness_v0/abpath_source_tags.jsonl
Soft_Tissue,abpath,BST::Soft_Tissue::Inflammatory::Acute_Chronic::Ischemic_Fasciitis,Ischemic_Fasciitis,Ischemic_Fasciitis,data/curriculum_map_readiness_v0/abpath_source_tags.jsonl
Soft_Tissue,abpath,BST::Soft_Tissue::Inflammatory::Acute_Chronic::Myositis_Ossificans,Myositis_Ossificans,Myositis_Ossificans,data/curriculum_map_readiness_v0/abpath_source_tags.jsonl
Soft_Tissue,abpath,BST::Soft_Tissue::Inflammatory::Acute_Chronic::Idiopathic_Tumefactive_Fibroinflammatory_Lesions,Idiopathic_Tumefactive_Fibroinflammatory_Lesions,Idiopathic_Tumefactive_Fibroinflammatory_Lesions,data/curriculum_map_readiness_v0/abpath_source_tags.jsonl
Soft_Tissue,abpath,BST::Soft_Tissue::Inflammatory::Acute_Chronic::Necrotizing_Fasciitis,Necrotizing_Fasciitis,Necrotizing_Fasciitis,data/curriculum_map_readiness_v0/abpath_source_tags.jsonl
Soft_Tissue,abpath,BST::Soft_Tissue::Inflammatory::Granulomatous::Deep_Granuloma_Annulare,Deep_Granuloma_Annulare,Deep_Granuloma_Annulare,data/curriculum_map_readiness_v0/abpath_source_tags.jsonl
Soft_Tissue,abpath,BST::Soft_Tissue::Adipocytic::Benign::Lipoma_Conventional,Lipoma_Conventional,Lipoma_Conventional,data/curriculum_map_readiness_v0/abpath_source_tags.jsonl
Cyto,abpath,BST::Soft_Tissue::Depositional_Metabolic::Deposition::Crystal_Storing_Histiocytosis,Crystal_Storing_Histiocytosis,Crystal_Storing_Histiocytosis,data/curriculum_map_readiness_v0/abpath_source_tags.jsonl
Cyto,abpath,BST::Soft_Tissue::Fibrohistiocytic::Benign::Deep_Benign_Fibrous_Histiocytoma,Deep_Benign_Fibrous_Histiocytoma,Deep_Benign_Fibrous_Histiocytoma,data/curriculum_map_readiness_v0/abpath_source_tags.jsonl
Cyto,abpath,BST::Soft_Tissue::Fibrohistiocytic::Benign::Dermatofibroma_Fibrous_Histiocytoma,Dermatofibroma_Fibrous_Histiocytoma,Dermatofibroma_Fibrous_Histiocytoma,data/curriculum_map_readiness_v0/abpath_source_tags.jsonl
Cyto,abpath,BST::Soft_Tissue::Fibrohistiocytic::Benign::Epithelioid_Fibrous_Histiocytoma,Epithelioid_Fibrous_Histiocytoma,Epithelioid_Fibrous_Histiocytoma,data/curriculum_map_readiness_v0/abpath_source_tags.jsonl
Cyto,abpath,BST::Soft_Tissue::Fibrohistiocytic::Benign::Reticulohistiocytoma,Reticulohistiocytoma,Reticulohistiocytoma,data/curriculum_map_readiness_v0/abpath_source_tags.jsonl
Cyto,abpath,BST::Soft_Tissue::Fibrohistiocytic::Intermediate::Angiomatoid_Fibrous_Histiocytoma,Angiomatoid_Fibrous_Histiocytoma,Angiomatoid_Fibrous_Histiocytoma,data/curriculum_map_readiness_v0/abpath_source_tags.jsonl
Cyto,abpath,BST::Soft_Tissue::Pericytic::Benign::Myopericytoma,Myopericytoma,Myopericytoma,data/curriculum_map_readiness_v0/abpath_source_tags.jsonl
Cyto,abpath,BST::Soft_Tissue::Hematolymphoid::Benign::Langerhans_Cell_Histiocytosis,Langerhans_Cell_Histiocytosis,Langerhans_Cell_Histiocytosis,data/curriculum_map_readiness_v0/abpath_source_tags.jsonl
Cyto,abpath,BST::Soft_Tissue::Hematolymphoid::Malignant::Solitary_Extramedullary_Plasmacytoma,Solitary_Extramedullary_Plasmacytoma,Solitary_Extramedullary_Plasmacytoma,data/curriculum_map_readiness_v0/abpath_source_tags.jsonl
Cyto,abpath,BST::Bone::Fibrogenic::Benign::Benign_Fibrous_Histiocytoma_Bone,Benign_Fibrous_Histiocytoma_Bone,Benign_Fibrous_Histiocytoma_Bone,data/curriculum_map_readiness_v0/abpath_source_tags.jsonl
Cyto,abpath,BST::Bone::Hematolymphoid::Malignant::Solitary_Plasmacytoma,Solitary_Plasmacytoma,Solitary_Plasmacytoma,data/curriculum_map_readiness_v0/abpath_source_tags.jsonl
Cyto,abpath,BST::Bone::Hematolymphoid::Intermediate::Langerhans_Cell_Histiocytosis,Langerhans_Cell_Histiocytosis,Langerhans_Cell_Histiocytosis,data/curriculum_map_readiness_v0/abpath_source_tags.jsonl
Cyto,abpath,Cyto_Adrenal::Category::Nondiagnostic,Nondiagnostic,Nondiagnostic,data/curriculum_map_readiness_v0/abpath_source_tags.jsonl
Cyto,abpath,Cyto_Adrenal::Category::Benign,Benign,Benign,data/curriculum_map_readiness_v0/abpath_source_tags.jsonl
Cyto,abpath,Cyto_Adrenal::Category::Atypical,Atypical,Atypical,data/curriculum_map_readiness_v0/abpath_source_tags.jsonl
Cyto,abpath,Cyto_Adrenal::Category::Suspicious_For_Malignancy,Suspicious_For_Malignancy,Suspicious_For_Malignancy,data/curriculum_map_readiness_v0/abpath_source_tags.jsonl
Cyto,abpath,Cyto_Adrenal::Category::Malignant,Malignant,Malignant,data/curriculum_map_readiness_v0/abpath_source_tags.jsonl
Cyto,abpath,Cyto_Adrenal::Benign::Normal_Adrenal_Cytology,Normal_Adrenal_Cytology,Normal_Adrenal_Cytology,data/curriculum_map_readiness_v0/abpath_source_tags.jsonl
Cyto,abpath,Cyto_Adrenal::Benign::Adrenal_Cortical_Hyperplasia,Adrenal_Cortical_Hyperplasia,Adrenal_Cortical_Hyperplasia,data/curriculum_map_readiness_v0/abpath_source_tags.jsonl
Cyto,abpath,Cyto_Adrenal::Benign::Adrenal_Cortical_Adenoma,Adrenal_Cortical_Adenoma,Adrenal_Cortical_Adenoma,data/curriculum_map_readiness_v0/abpath_source_tags.jsonl
Cyto,abpath,Cyto_Adrenal::Benign::Myelolipoma,Myelolipoma,Myelolipoma,data/curriculum_map_readiness_v0/abpath_source_tags.jsonl
Cyto,abpath,Cyto_Adrenal::Benign::Adrenal_Cyst,Adrenal_Cyst,Adrenal_Cyst,data/curriculum_map_readiness_v0/abpath_source_tags.jsonl
Cyto,abpath,Cyto_Adrenal::Benign::Adrenal_Infection_Histoplasmosis,Adrenal_Infection_Histoplasmosis,Adrenal_Infection_Histoplasmosis,data/curriculum_map_readiness_v0/abpath_source_tags.jsonl
Cyto,abpath,Cyto_Adrenal::Benign::Adrenal_Infection_Tuberculosis,Adrenal_Infection_Tuberculosis,Adrenal_Infection_Tuberculosis,data/curriculum_map_readiness_v0/abpath_source_tags.jsonl
Cyto,abpath,Cyto_Adrenal::Benign::Ganglioneuroma,Ganglioneuroma,Ganglioneuroma,data/curriculum_map_readiness_v0/abpath_source_tags.jsonl
