slug,title,video_length,has_mp4,has_pdf,has_vtt,education_url,video_mp4_primary,slides_pdf_primary,vtt_primary,series_hint,pathology_relevant,heme_relevant
affolter-panc-pcap25,Pancreatic Histology: A Case-Based Approach,55 min 3 sec,True,True,True,https://arup.utah.edu/education/affolter-panc-pcap25,https://arup.utah.edu/sites/default/files/Edu_Media/videos/affolter-panc-pcap25_v1.mp4,https://arup.utah.edu/sites/default/files/Edu_Media/pdfs/affolter-panc-pcap25_lecture-slides.pdf,https://arup.utah.edu/sites/default/files/Edu_Media/cc/affolter-panc-pcap25_cc_0.vtt,pcap25,True,False
airplane-2023,How to Avoid Building an Airplane Mid Flight: Lab Medicine in the Face of Emerging Public Health Crises,1 hr 6 min 55 sec,True,True,True,https://arup.utah.edu/education/airplane-2023,https://arup.utah.edu/sites/default/files/Edu_Media/videos/airplane-2023_v3.mp4,https://arup.utah.edu/sites/default/files/Edu_Media/pdfs/airplane-2023_lecture-slides.pdf,https://arup.utah.edu/sites/default/files/Edu_Media/cc/airplane-2023_cc_0.vtt,,True,False
albertson-digitalpath-pcap24,Considerations in the Implementation of Digital Pathology and Pathology Assist Applications,42 min 48 sec,True,True,True,https://arup.utah.edu/education/albertson-digitalpath-pcap24,https://arup.utah.edu/sites/default/files/Edu_Media/videos/albertson-digitalpath-pcap24_v1.mp4,https://arup.utah.edu/sites/default/files/Edu_Media/pdfs/albertson-digitalpath-pcap24_lecture-slides.pdf,https://arup.utah.edu/sites/default/files/Edu_Media/cc/albertson-digitalpath-pcap24_cc_0.vtt,pcap24,True,False
andersen-introcyto1-2020,Introduction to Cytogenetics: Part 1,56 min 56 sec,True,True,True,https://arup.utah.edu/education/andersen-introcyto1-2020,https://arup.utah.edu/sites/default/files/Edu_Media/videos/andersen-introCyto1-2020_andersen_intro_cyto1_V2.mp4,https://arup.utah.edu/sites/default/files/Edu_Media/pdfs/andersen-introCyto1-2020_lecture-slides.pdf,https://arup.utah.edu/sites/default/files/Edu_Media/cc/andersen-introCyto1-2020_cc_0.vtt,cyto,True,False
andersen-introcyto2-2020,Introduction to Cytogenetics: Part 2,1 hr 18 min 1 sec,True,True,True,https://arup.utah.edu/education/andersen-introcyto2-2020,https://arup.utah.edu/sites/default/files/Edu_Media/videos/andersen-introCyto2-2020_MLSCytogeneticsIntro2_06-01-17Update2V3-small_V2.mp4,https://arup.utah.edu/sites/default/files/Edu_Media/pdfs/andersen-introCyto2-2020_lecture-slides.pdf,https://arup.utah.edu/sites/default/files/Edu_Media/cc/andersen-introCyto2-2020_cc_0.vtt,cyto,True,False
antibodyidentification,Introduction to Antibody Identification,51 min 44 sec,True,True,True,https://arup.utah.edu/education/antibodyidentification,https://arup.utah.edu/sites/default/files/Edu_Media/videos/AntibodyIdentification_updatedImmunoAntibodyID_JRhees4_0.mp4,https://arup.utah.edu/sites/default/files/Edu_Media/pdfs/AntibodyIdentification_lecture-slides.pdf,https://arup.utah.edu/sites/default/files/Edu_Media/cc/AntibodyIdentification_cc_1.vtt,,False,False
balatico-cytology-pcap24,Topics in Gynecologic Cytopathology: A Case-Based Review,43 min 52 sec,True,True,True,https://arup.utah.edu/education/balatico-cytology-pcap24,https://arup.utah.edu/sites/default/files/Edu_Media/videos/balatico-cytology-pcap24_v1.mp4,https://arup.utah.edu/sites/default/files/Edu_Media/pdfs/balatico-cytology-pcap24_lecture-slides.pdf,https://arup.utah.edu/sites/default/files/Edu_Media/cc/balatico-cytology-pcap24_cc.vtt,pcap24,True,False
baryeh-hiv-2024,HIV Diagnosis,58 min 13 sec,True,True,True,https://arup.utah.edu/education/baryeh-hiv-2024,https://arup.utah.edu/sites/default/files/Edu_Media/videos/baryeh-hiv-2024_v2.mp4,https://arup.utah.edu/sites/default/files/Edu_Media/pdfs/baryeh-hiv-2024_lecture-slides.pdf,https://arup.utah.edu/sites/default/files/Edu_Media/cc/baryeh-hiv-2024_baryeh-hiv-2024.vtt,,False,False
bayraktoydemir-icps-2022,Inherited Cancer Predisposition Syndromes,48 min 8 sec,True,True,True,https://arup.utah.edu/education/bayraktoydemir-icps-2022,https://arup.utah.edu/sites/default/files/Edu_Media/videos/bayraktoydemir-icps-2022_v1.mp4,https://arup.utah.edu/sites/default/files/Edu_Media/pdfs/bayraktoydemir-icps-2022_lecture-slides.pdf,https://arup.utah.edu/sites/default/files/Edu_Media/cc/bayraktoydemir-icps-2022_bayraktoydemir-icps-2022.vtt,,False,False
beech-molec-pcap25,"Mutations, Biomarkers, and Pathways: A Molecular Tour of Gastrointestinal Cancer",50 min 42 sec,True,True,True,https://arup.utah.edu/education/beech-molec-pcap25,https://arup.utah.edu/sites/default/files/Edu_Media/videos/beech-molec-pcap25_v1.mp4,https://arup.utah.edu/sites/default/files/Edu_Media/pdfs/beech-molec-pcap25_lecture-slides.pdf,https://arup.utah.edu/sites/default/files/Edu_Media/cc/beech-molec-pcap25_cc_1.vtt,pcap25,True,True
bellizzi-diff15-pcap25,Differentiating the Undifferentiated: An Immunohistochemical Approach,1 hr 3 min 18 sec,True,True,True,https://arup.utah.edu/education/bellizzi-diff15-pcap25,https://arup.utah.edu/sites/default/files/Edu_Media/videos/bellizzi-diff15-pcap25_v1.mp4,https://arup.utah.edu/sites/default/files/Edu_Media/pdfs/bellizzi-diff15-pcap25_lecture-slides.pdf,https://arup.utah.edu/sites/default/files/Edu_Media/cc/bellizzi-diff15-pcap25_SRT%2015%20Bellizzi_Differentiating%20the%20Undifferentiated-%20An%20Immunohistochemical%20Approach_1.vtt,pcap25,False,False
bellizzi-gi19-pcap25,A GI Pathologist’s Perspective on Hematolymphoid Neoplasms of the GI Tract,41 min 10 sec,True,True,True,https://arup.utah.edu/education/bellizzi-gi19-pcap25,https://arup.utah.edu/sites/default/files/Edu_Media/videos/bellizzi-gi19-pcap25_v1.mp4,https://arup.utah.edu/sites/default/files/Edu_Media/pdfs/bellizzi-gi19-pcap25_lecture-slides.pdf,https://arup.utah.edu/sites/default/files/Edu_Media/cc/bellizzi-gi19-pcap25_SRT%2019%20Bellizzi_A%20GI%20Pathologist%27s%20Perspective%20on%20Hematolymphoid%20Neoplasms%20of%20the%20GI%20Tract_1.vtt,pcap25,True,False
bellizzi-neuroend16-pcap25,"Neuroendocrine Neoplasms of the GI Tract: Diagnosis, Reporting, and Clinical Correlates",58 min 34 sec,True,True,True,https://arup.utah.edu/education/bellizzi-neuroend16-pcap25,https://arup.utah.edu/sites/default/files/Edu_Media/videos/bellizzi-neuroend16-pcap25_v1.mp4,https://arup.utah.edu/sites/default/files/Edu_Media/pdfs/bellizzi-neuroend16-pcap25_lecture-slides.pdf,https://arup.utah.edu/sites/default/files/Edu_Media/cc/bellizzi-neuroend16-pcap25_SRT%2016%20Bellizzi_Neuroendocrine%20Neoplasms%20of%20the%20GI%20Tract-%20Diagnosis%2C%20Reporting%2C%20Clinical%20Correlates_1.vtt,pcap25,True,False
best-wholegenome-2025,Clinical Applications of Whole Genome Sequencing,38 min 36 sec,True,True,True,https://arup.utah.edu/education/best-wholegenome-2025,https://arup.utah.edu/sites/default/files/Edu_Media/videos/best-wholegenome-2025_v1.mp4,https://arup.utah.edu/sites/default/files/Edu_Media/pdfs/best-wholegenome-2025_lecture-slides.pdf,https://arup.utah.edu/sites/default/files/Edu_Media/cc/best-wholegenome-2025_cc_0.vtt,,False,False
bloodparasites-2023,"Introduction to Blood Parasites: It May Be a Bloody Mess, But It Is Worth Knowing",1 hr 5 min 46 sec,True,True,True,https://arup.utah.edu/education/bloodparasites-2023,https://arup.utah.edu/sites/default/files/Edu_Media/videos/bloodparasites-2023_v1.mp4,https://arup.utah.edu/sites/default/files/Edu_Media/pdfs/bloodparasites-2023_lecture-slides.pdf,https://arup.utah.edu/sites/default/files/Edu_Media/cc/bloodparasites-2023_cc_1.vtt,,False,False
boyd-drugscreen-2023,Introduction to Urine Drug Screening,32 min 15 sec,True,True,True,https://arup.utah.edu/education/boyd-drugscreen-2023,https://arup.utah.edu/sites/default/files/Edu_Media/videos/boyd-drugscreen-2023_v2.mp4,https://arup.utah.edu/sites/default/files/Edu_Media/pdfs/boyd-drugscreen-2023_lecture-slides.pdf,https://arup.utah.edu/sites/default/files/Edu_Media/cc/boyd-drugscreen-2023_boyd-drugscreen-2023.vtt,,False,False
boyd-lead-2024,Lead Exposure: An Ongoing Public Health Issue,45 min 3 sec,True,True,True,https://arup.utah.edu/education/boyd-lead-2024,https://arup.utah.edu/sites/default/files/Edu_Media/videos/boyd-lead-2024_v4.mp4,https://arup.utah.edu/sites/default/files/Edu_Media/pdfs/boyd-lead-2024_lecture-slides.pdf,https://arup.utah.edu/sites/default/files/Edu_Media/cc/boyd-lead-2024_SRT%20Boyd_Lead%20Testing%20Subtitles%202025-12-18.vtt,,False,False
boylan-hepato-pcap25,Diagnosing Hepatocellular Adenomas: A Case-Based Approach,50 min 39 sec,True,True,True,https://arup.utah.edu/education/boylan-hepato-pcap25,https://arup.utah.edu/sites/default/files/Edu_Media/videos/boylan-hepato-pcap25_v1.mp4,https://arup.utah.edu/sites/default/files/Edu_Media/pdfs/boylan-hepato-pcap25_lecture-slides.pdf,https://arup.utah.edu/sites/default/files/Edu_Media/cc/boylan-hepato-pcap25_18%20Boylan_Diagnosing%20Hepatocellular%20Adenomas-%20A%20Case-Based%20Approach_1.vtt,pcap25,True,False
bradley-emergingviral-2025,Emerging Viral Diseases: A 2025 Update for Laboratorians,1 hr 16 min 41 sec,True,True,True,https://arup.utah.edu/education/bradley-emergingviral-2025,https://arup.utah.edu/sites/default/files/Edu_Media/videos/bradley-emergingviral-2025_v1.mp4,https://arup.utah.edu/sites/default/files/Edu_Media/pdfs/bradley-emergingviral-2025_lecture-slides.pdf,https://arup.utah.edu/sites/default/files/Edu_Media/cc/bradley-emergingviral-2025_Subtitles%20Bradley_Emerging%20Pathogens%20EDU%202025-09-25.vtt,gi,True,False
bradley-monkeypox-2022,Monkeypox Virus: What the Lab Needs to Know,53 min 49 sec,True,True,True,https://arup.utah.edu/education/bradley-monkeypox-2022,https://arup.utah.edu/sites/default/files/Edu_Media/videos/bradley-monkeypox-2022_v2.mp4,https://arup.utah.edu/sites/default/files/Edu_Media/pdfs/bradley-monkeypox-2022_lecture-slides.pdf,https://arup.utah.edu/sites/default/files/Edu_Media/cc/bradley-monkeypox-2022_cc_3.vtt,,False,False
bridging,When Professionals Meet: Bridging the Gap Between the Laboratory and Nursing,54 min 35 sec,True,True,True,https://arup.utah.edu/education/bridging,https://arup.utah.edu/sites/default/files/Edu_Media/videos/bridging_new3.mp4,https://arup.utah.edu/sites/default/files/Edu_Media/pdfs/bridging_Bridging%20the%20Gap.pdf,https://arup.utah.edu/sites/default/files/Edu_Media/cc/bridging_cc_3.vtt,gi,True,False
bullying,Is There a Bully in the Room?,26 min 46 sec,True,True,True,https://arup.utah.edu/education/bullying,https://arup.utah.edu/sites/default/files/Edu_Media/videos/bullying_11-17-16BradshawBullying3.mp4,https://arup.utah.edu/sites/default/files/Edu_Media/pdfs/bullying_Lab%20Bullying%20Final%20Version11-17-16.pdf,https://arup.utah.edu/sites/default/files/Edu_Media/cc/bullying_cc_3.vtt,,False,False
burns-why-pbm25,PBM the Why: Better Yet the Why Not?,38 min 32 sec,True,True,True,https://arup.utah.edu/education/burns-why-pbm25,https://arup.utah.edu/sites/default/files/Edu_Media/videos/burns-why-pbm25_v1.mp4,https://arup.utah.edu/sites/default/files/Edu_Media/pdfs/burns-why-pbm25_lecture-slides.pdf,https://arup.utah.edu/sites/default/files/Edu_Media/cc/burns-why-pbm25_PBM%201%20Burns_PBM%2C%20the%20Why%2C%20the%20Why%20Not%20V2.vtt,pbm25,False,False
carpenter-makevbuy-2020,Valuing the Hospital Laboratory: Making the Case for “Make” (versus “Buy”),33 min 59 sec,True,True,True,https://arup.utah.edu/education/carpenter-makevbuy-2020,https://arup.utah.edu/sites/default/files/Edu_Media/videos/carpenter-makeVbuy-2020_ValuingtheHospitalLaboratoryRobCarpenter_V2.mp4,https://arup.utah.edu/sites/default/files/Edu_Media/pdfs/carpenter-makeVbuy-2020_lecture-slides.pdf,https://arup.utah.edu/sites/default/files/Edu_Media/cc/carpenter-makeVbuy-2020_carpenter-makeVbuy-2020.vtt,,False,False
chimzar-herpes-2022,Herpes Simplex Viruses 1 and 2,43 min 43 sec,True,True,True,https://arup.utah.edu/education/chimzar-herpes-2022,https://arup.utah.edu/sites/default/files/Edu_Media/videos/chimzar-herpes-2022_v1.mp4,https://arup.utah.edu/sites/default/files/Edu_Media/pdfs/chimzar-herpes-2022_lecture-slides.pdf,https://arup.utah.edu/sites/default/files/Edu_Media/cc/chimzar-herpes-2022_chimzar-herpes-2022.vtt,,False,False
cleary-neoadjuvant-pcap24,Approach to Neoadjuvant-Treated Breast Cancer Cases,46 min 57 sec,True,True,True,https://arup.utah.edu/education/cleary-neoadjuvant-pcap24,https://arup.utah.edu/sites/default/files/Edu_Media/videos/cleary-neoadjuvant-pcap24_v1.mp4,https://arup.utah.edu/sites/default/files/Edu_Media/pdfs/cleary-neoadjuvant-pcap24_lecture-slides.pdf,https://arup.utah.edu/sites/default/files/Edu_Media/cc/cleary-neoadjuvant-pcap24_7%20-%20Cleary_Neoadjuvant_Treated_Breast_Cancers%20SRT%20.vtt,pcap24,True,False
cohen-academichealth-2023,A Discourse on Working in Academic Health Centers With Some Practical Observations,52 min 31 sec,True,True,True,https://arup.utah.edu/education/cohen-academichealth-2023,https://arup.utah.edu/sites/default/files/Edu_Media/videos/cohen-academichealth-2023_v1.mp4,https://arup.utah.edu/sites/default/files/Edu_Media/pdfs/cohen-academichealth-2023_lecture-slides.pdf,https://arup.utah.edu/sites/default/files/Edu_Media/cc/cohen-academichealth-2023_cohen-academichealth-2023.vtt,,False,False
cohen-burnout-2024,Burnout and Wellness: A Pathology Perspective,43 min 23 sec,True,True,True,https://arup.utah.edu/education/cohen-burnout-2024,https://arup.utah.edu/sites/default/files/Edu_Media/videos/cohen-burnout-2024_v2.mp4,https://arup.utah.edu/sites/default/files/Edu_Media/pdfs/cohen-burnout-2024_lecture-slides.pdf,https://arup.utah.edu/sites/default/files/Edu_Media/cc/cohen-burnout-2024_Cohen_Wellbeing_V1.vtt,,True,False
collins-coreneedle-pcap24,Contemporary Considerations for Core Needle Biopsy of the Breast,52 min 41 sec,True,True,True,https://arup.utah.edu/education/collins-coreneedle-pcap24,https://arup.utah.edu/sites/default/files/Edu_Media/videos/collins-coreneedle-pcap24_v1.mp4,https://arup.utah.edu/sites/default/files/Edu_Media/pdfs/collins-coreneedle-pcap24_lecture-slides.pdf,https://arup.utah.edu/sites/default/files/Edu_Media/cc/collins-coreneedle-pcap24_11%20-%20Collins_Core_Needle_biospy%20SRT.vtt,pcap24,True,False
collins-her2-pcap24,"Breast Biomarker Testing, and What To Do With HER2",50 min 13 sec,True,True,True,https://arup.utah.edu/education/collins-her2-pcap24,https://arup.utah.edu/sites/default/files/Edu_Media/videos/collins-her2-pcap24_v1.mp4,https://arup.utah.edu/sites/default/files/Edu_Media/pdfs/collins-her2-pcap24_lecture-slides.pdf,https://arup.utah.edu/sites/default/files/Edu_Media/cc/collins-her2-pcap24_13%20-%20Collins_Breast_Biomarker_Testing_V1_1.vtt,pcap24,True,False
collins-metaplasticcarcinoma-pcap24,Morphologic Mimics of Metaplastic Carcinoma,41 min 51 sec,True,True,True,https://arup.utah.edu/education/collins-metaplasticcarcinoma-pcap24,https://arup.utah.edu/sites/default/files/Edu_Media/videos/collins-metaplasticcarcinoma-pcap24_v1.mp4,https://arup.utah.edu/sites/default/files/Edu_Media/pdfs/collins-metaplasticcarcinoma-pcap24_lecture-slides.pdf,https://arup.utah.edu/sites/default/files/Edu_Media/cc/collins-metaplasticcarcinoma-pcap24_Subtitles%2014%20-%20Collins_Mimics_Metaplatic_Carcinoma_V1_1.vtt,pcap24,True,False
costeffectiveeval,Cost-Effectiveness Analysis of Laboratory Tests,44 min 20 sec,True,True,True,https://arup.utah.edu/education/costeffectiveeval,https://arup.utah.edu/sites/default/files/Edu_Media/videos/costEffectiveEval_10-21-15CostEffectiveEval4.mp4,https://arup.utah.edu/sites/default/files/Edu_Media/pdfs/costEffectiveEval_Cost%20Effectiveness%20Analysis.pdf,https://arup.utah.edu/sites/default/files/Edu_Media/cc/costEffectiveEval_costEffectiveEval.vtt,,False,False
couturier-beasts-2024,Fantastic Beasts and the Infections They Transmit,39 min 14 sec,True,True,True,https://arup.utah.edu/education/couturier-beasts-2024,https://arup.utah.edu/sites/default/files/Edu_Media/videos/couturier-beasts-2024_v1.mp4,https://arup.utah.edu/sites/default/files/Edu_Media/pdfs/couturier-beasts-2024_lecture-slides.pdf,https://arup.utah.edu/sites/default/files/Edu_Media/cc/couturier-beasts-2024_Subtitles%20Couturier_Fantastic%20Beasts%202024-09-26%20V1-EDU.vtt,,False,False
cushing-cryoprecipitate-pbm25,Cryoprecipitate Versus Fibrinogen,29 min 3 sec,True,True,True,https://arup.utah.edu/education/cushing-cryoprecipitate-pbm25,https://arup.utah.edu/sites/default/files/Edu_Media/videos/cushing-cryoprecipitate-pbm25_v1.mp4,https://arup.utah.edu/sites/default/files/Edu_Media/pdfs/cushing-cryoprecipitate-pbm25_lecture-slides.pdf,https://arup.utah.edu/sites/default/files/Edu_Media/cc/cushing-cryoprecipitate-pbm25_SRT%20PBM%205%20Cushing_Cryoprecipitate%20Versus%20Fibrinogen.vtt,pbm25,False,False
custservice,Are You a Customer Service “Have” or “Have Not”?,58 min 1 sec,True,True,True,https://arup.utah.edu/education/custservice,https://arup.utah.edu/sites/default/files/Edu_Media/videos/custService_FairCP_CustService4.mp4,https://arup.utah.edu/sites/default/files/Edu_Media/pdfs/custService_lecture-slides.pdf,https://arup.utah.edu/sites/default/files/Edu_Media/cc/custService_custService.vtt,,False,False
cvmanagement,The Human Side of Change Management,46 min 27 sec,True,True,True,https://arup.utah.edu/education/cvmanagement,https://arup.utah.edu/sites/default/files/Edu_Media/videos/cvManagement_cvManagement.mp4,https://arup.utah.edu/sites/default/files/Edu_Media/pdfs/cvManagement_Change%20Management%20PPT.pdf,https://arup.utah.edu/sites/default/files/Edu_Media/cc/cvManagement_cvManagement.vtt,,False,False
dadelahi-dxmonogamm-2024,Clinical Diagnostics in Detection of Monoclonal Gammopathies,52 min 36 sec,True,True,True,https://arup.utah.edu/education/dadelahi-dxmonogamm-2024,https://arup.utah.edu/sites/default/files/Edu_Media/videos/dadelahi-dxmonogamm-2024_v1.mp4,https://arup.utah.edu/sites/default/files/Edu_Media/pdfs/dadelahi-dxmonogamm-2024_lecture-slides.pdf,https://arup.utah.edu/sites/default/files/Edu_Media/cc/dadelahi-dxmonogamm-2024_Dadelahi_%20Monoclonal%20Gammopathies_V1.vtt,,False,True
dadelahi-flow-2025,Go With the Flow: Clinical Insights Through Flow Cytometry,1 hr 5 min 57 sec,True,True,True,https://arup.utah.edu/education/dadelahi-flow-2025,https://arup.utah.edu/sites/default/files/Edu_Media/videos/dadelahi-flow-2025_v2.mp4,https://arup.utah.edu/sites/default/files/Edu_Media/pdfs/dadelahi-flow-2025_lecture-slides.pdf,https://arup.utah.edu/sites/default/files/Edu_Media/cc/dadelahi-flow-2025_SRT%20Go%20with%20the%20Flow%202025-06-02.vtt,flow,True,True
dcls-2019,Doctor of Clinical Laboratory Science (DCLS): Contributing Quality and Value in Clinical Laboratory Services Delivery,57 min 42 sec,True,True,True,https://arup.utah.edu/education/dcls-2019,https://arup.utah.edu/sites/default/files/Edu_Media/videos/dcls-2019_DCLS_4.mp4,https://arup.utah.edu/sites/default/files/Edu_Media/pdfs/dcls-2019_lecture-slides.pdf,https://arup.utah.edu/sites/default/files/Edu_Media/cc/dcls-2019_dcls-2019.vtt,,True,False
debiase-dxinborn-2025,Diagnosing Inborn Errors of Plasmalogen Biosynthesis by Liquid Chromatography Tandem Mass Spectrometry,55 min 41 sec,True,True,True,https://arup.utah.edu/education/debiase-dxinborn-2025,https://arup.utah.edu/sites/default/files/Edu_Media/videos/debiase-dxinborn-2025_v1.mp4,https://arup.utah.edu/sites/default/files/Edu_Media/pdfs/debiase-dxinborn-2025_lecture_slides.pdf,https://arup.utah.edu/sites/default/files/Edu_Media/cc/debiase-dxinborn-2025_cc_0.vtt,,False,False
deltachecks,The Delta Check in Action: Causes and Consequences of Discrepant Laboratory Results,49 min 24 sec,True,True,True,https://arup.utah.edu/education/deltachecks,https://arup.utah.edu/sites/default/files/Edu_Media/videos/deltaChecks_deltaChecks3.mp4,https://arup.utah.edu/sites/default/files/Edu_Media/pdfs/deltaChecks_lecture-slides.pdf,https://arup.utah.edu/sites/default/files/Edu_Media/cc/deltaChecks_deltaChecks.vtt,,False,False
dimprove,Designing for Improvement,40 min 12 sec,True,True,True,https://arup.utah.edu/education/dimprove,https://arup.utah.edu/sites/default/files/Edu_Media/videos/dImprove_dImprove2.mp4,https://arup.utah.edu/sites/default/files/Edu_Media/pdfs/dImprove_Designing%20for%20Improvement-Branded.pdf,https://arup.utah.edu/sites/default/files/Edu_Media/cc/dImprove_dImprove.vtt,,False,False
doyle-g6pd-2025,Development of Pediatric G6PD Reference Intervals Through Integration of Indirect Methods and Molecular Data,55 min 16 sec,True,True,True,https://arup.utah.edu/education/doyle-g6pd-2025,https://arup.utah.edu/sites/default/files/Edu_Media/videos/doyle-g6pd-2025_v1.mp4,https://arup.utah.edu/sites/default/files/Edu_Media/pdfs/doyle-g6pd-2025_lecture-slides.pdf,https://arup.utah.edu/sites/default/files/Edu_Media/cc/doyle-g6pd-2025_cc_0.vtt,,True,True
doyle-intervals-2024,Estimating Reference Intervals From Routine Laboratory Data Using Indirect Reference Interval Methods,54 min 4 sec,True,True,True,https://arup.utah.edu/education/doyle-intervals-2024,https://arup.utah.edu/sites/default/files/Edu_Media/videos/doyle-intervals-2024_v2.mp4,https://arup.utah.edu/sites/default/files/Edu_Media/pdfs/doyle-intervals-2024_lecture-slides.pdf,https://arup.utah.edu/sites/default/files/Edu_Media/cc/doyle-intervals-2024_doyle_v2.vtt,,False,False
doyle-quality-2022,"Quality Management: Plan, Implement, Track, Improve",58 min 42 sec,False,True,False,https://arup.utah.edu/education/doyle-quality-2022,,https://arup.utah.edu/sites/default/files/Edu_Media/pdfs/doyle-quality-2022_lecture-slides.pdf,,,False,False
elisascience,Elisa Science,1 hr 15 min,False,False,False,https://arup.utah.edu/education/elisascience,,,,,False,False
errorproof,Error Proofing the Laboratory,52 min 18 sec,True,True,True,https://arup.utah.edu/education/errorproof,https://arup.utah.edu/sites/default/files/Edu_Media/videos/errorProof_08-12-13tricore2.mp4,https://arup.utah.edu/sites/default/files/Edu_Media/pdfs/errorProof_ErrorProofingInTheLaboratory.pdf,https://arup.utah.edu/sites/default/files/Edu_Media/cc/errorProof_cc_0.vtt,,False,False
evason-gallbladder01-pcap25,Common Cholecystectomy Quandaries,28 min 11 sec,True,True,True,https://arup.utah.edu/education/evason-gallbladder01-pcap25,https://arup.utah.edu/sites/default/files/Edu_Media/videos/evason-gallbladder01-pcap25_v1.mp4,https://arup.utah.edu/sites/default/files/Edu_Media/pdfs/evason-gallbladder01-pcap25_lecture-slides.pdf,https://arup.utah.edu/sites/default/files/Edu_Media/cc/evason-gallbladder01-pcap25_01%20Evason_Common%20Cholecystectomy%20Quandaries_1.vtt,pcap25,False,False
fisher-thinksolve-2021,Creative Thinking and Problem Solving,45 min 10 sec,True,True,True,https://arup.utah.edu/education/fisher-thinksolve-2021,https://arup.utah.edu/sites/default/files/Edu_Media/videos/fisher-thinkSolve-2021_Fairview_Webinar_ARUP_Copy_V1.mp4,https://arup.utah.edu/sites/default/files/Edu_Media/pdfs/fisher-thinkSolve-2021_lecture-slides.pdf,https://arup.utah.edu/sites/default/files/Edu_Media/cc/fisher-thinkSolve-2021_fisher-thinkSolve-2021.vtt,,False,False
fletcher-casemgt-2021,Demonstrating the Value of Clinical Laboratory Medicine: Partnership With Case Management,53 min 58 sec,True,True,True,https://arup.utah.edu/education/fletcher-casemgt-2021,https://arup.utah.edu/sites/default/files/Edu_Media/videos/fletcher-caseMgt-2021_Fletcher_Demonstrating_Value_Lab_V1.mp4,https://arup.utah.edu/sites/default/files/Edu_Media/pdfs/fletcher-caseMgt-2021_lecture-slides.pdf,https://arup.utah.edu/sites/default/files/Edu_Media/cc/fletcher-caseMgt-2021_fletcher-caseMgt-2021.vtt,,False,False
fletcher-labsteward-2018,Laboratory Stewardship: Taking the First Steps to Downstream Savings,56 min 19 sec,True,True,True,https://arup.utah.edu/education/fletcher-labsteward-2018,https://arup.utah.edu/sites/default/files/Edu_Media/videos/fletcher-labSteward-2018_fletcher_stewardship_2018v2.mp4,https://arup.utah.edu/sites/default/files/Edu_Media/pdfs/fletcher-labSteward-2018_lecture-slides.pdf,https://arup.utah.edu/sites/default/files/Edu_Media/cc/fletcher-labSteward-2018_fletcher-labSteward-2018.vtt,,True,False
florell-skin-pcap25,The Industrialized Diet and Its Relationship to Skin Disease,54 min 56 sec,True,True,True,https://arup.utah.edu/education/florell-skin-pcap25,https://arup.utah.edu/sites/default/files/Edu_Media/videos/florell-skin-pcap25_v1.mp4,https://arup.utah.edu/sites/default/files/Edu_Media/pdfs/florell-skin-pcap25_lecture-slides.pdf,https://arup.utah.edu/sites/default/files/Edu_Media/cc/florell-skin-pcap25_SRT%2010%20Florell_Industrialized%20Diet%20and%20its%20Relationship%20to%20Skin%20Disease_1.vtt,pcap25,True,False
fontenot-employeementoring-2017,Employee Mentoring: Fostering a Culture of Contribution,43 min 12 sec,True,True,True,https://arup.utah.edu/education/fontenot-employeementoring-2017,https://arup.utah.edu/sites/default/files/Edu_Media/videos/fontenot-employeeMentoring-2017_Fairview_JoDMentoringWebinar06-05-17_V2.mp4,https://arup.utah.edu/sites/default/files/Edu_Media/pdfs/fontenot-employeeMentoring-2017_lecture-slides.pdf,https://arup.utah.edu/sites/default/files/Edu_Media/cc/fontenot-employeeMentoring-2017_fontenot-employeeMentoring-2017.vtt,,False,False
foodallergies-2026,Role of Component-Resolved Testing in Food Allergies: From Peanuts to Red Meat Allergies,1 hr 20 min 49 sec,True,True,True,https://arup.utah.edu/education/foodallergies-2026,https://arup.utah.edu/sites/default/files/Edu_Media/videos/foodallergies-2026_v2.mp4,https://arup.utah.edu/sites/default/files/Edu_Media/pdfs/lecture-slides_1.pdf,https://arup.utah.edu/sites/default/files/Edu_Media/cc/foodallergies-2026_cc_0.vtt,gi,True,False
francis-concentrate-2024,Concentrate on Three Critical Areas When Selling Your Laboratory’s Services,40 min 32 sec,True,True,True,https://arup.utah.edu/education/francis-concentrate-2024,https://arup.utah.edu/sites/default/files/Edu_Media/videos/francis-concentrate-2024_v1.mp4,https://arup.utah.edu/sites/default/files/Edu_Media/pdfs/francis-concentrate-2024_lecture-slides.pdf,https://arup.utah.edu/sites/default/files/Edu_Media/cc/francis-concentrate-2024_SRT%20Francis_Concentrate%20on%20Four%20Critical%20Areas%20When%20Selling%20Your%20Laboratory%27s%20Services%20V1.vtt,,False,False
francis-labsalesprimer-2023,A Primer for Laboratory Sales Managers,53 min 55 sec,True,True,True,https://arup.utah.edu/education/francis-labsalesprimer-2023,https://arup.utah.edu/sites/default/files/Edu_Media/videos/francis-labsalesprimer-2023_v2.mp4,https://arup.utah.edu/sites/default/files/Edu_Media/pdfs/francis-labsalesprimer-2023_GettingtoKnowSomeone03-05-24.pdf,https://arup.utah.edu/sites/default/files/Edu_Media/cc/francis-labsalesprimer-2023_francis-labsalesprimer-2023.vtt,,False,False
francis-sellinglab-2020,Selling Lab Services: Experiences and Nuggets of Wisdom,42 min 32 sec,False,True,False,https://arup.utah.edu/education/francis-sellinglab-2020,,https://arup.utah.edu/sites/default/files/Edu_Media/pdfs/francis-sellingLab-2020_GettingtoKnowSomeone03-05-24.pdf,,,False,False
genedata-2020,Genetic Data Sharing and Reanalysis of Genomic Test Results: Challenges and Benefits to Implementation,51 min 57 sec,True,True,True,https://arup.utah.edu/education/genedata-2020,https://arup.utah.edu/sites/default/files/Edu_Media/videos/geneData-2020_GeneticDataSharing_V4.mp4,https://arup.utah.edu/sites/default/files/Edu_Media/pdfs/geneData-2020_lecture-slides.pdf,https://arup.utah.edu/sites/default/files/Edu_Media/cc/geneData-2020_geneData-2020.vtt,,False,False
genzen-labmustgoon-2021,The Lab Must Go On,1 hr 0 min 11 sec,True,True,True,https://arup.utah.edu/education/genzen-labmustgoon-2021,https://arup.utah.edu/sites/default/files/Edu_Media/videos/genzen-labMustGoOn-2021_Genzen_Lab_Must_Go_On_V3.mp4,https://arup.utah.edu/sites/default/files/Edu_Media/pdfs/genzen-labMustGoOn-2021_lecture-slides.pdf,https://arup.utah.edu/sites/default/files/Edu_Media/cc/genzen-labMustGoOn-2021_genzen-labMustGoOn-2021.vtt,,False,False
george-dxmasto_all_imm-2025,Diagnosing Systemic Mastocytosis: For Allergists/Immunologists,29 min 50 sec,True,True,True,https://arup.utah.edu/education/george-dxmasto_all_imm-2025,https://arup.utah.edu/sites/default/files/Edu_Media/videos/george-dxmasto_all_imm-2025_v1.mp4,https://arup.utah.edu/sites/default/files/Edu_Media/pdfs/george-dxmasto_all_imm-2025_lecture-slides.pdf,https://arup.utah.edu/sites/default/files/Edu_Media/cc/george-dxmasto_all_imm-2025_Subtitles%20Tracy%20George%20MCD%20For%20Immunologists%20V1.vtt,,True,True
george-dxmasto_heme_path-2025,Diagnosing Systemic Mastocytosis: For Hematologists and Pathologists,36 min 57 sec,True,True,True,https://arup.utah.edu/education/george-dxmasto_heme_path-2025,https://arup.utah.edu/sites/default/files/Edu_Media/videos/george-dxmasto_heme_path-2025_v1.mp4,https://arup.utah.edu/sites/default/files/Edu_Media/pdfs/george-dxmasto_heme_path-2025_lecture-slides.pdf,https://arup.utah.edu/sites/default/files/Edu_Media/cc/george-dxmasto_heme_path-2025_Subtitles%20Tracy%20George%20MCD%20For%20Hematologists%20V1.vtt,heme,True,True
george-microscopycsf-2019,Microscopy of CSF and Body Fluids,45 min 23 sec,True,True,True,https://arup.utah.edu/education/george-microscopycsf-2019,https://arup.utah.edu/sites/default/files/Edu_Media/videos/george-microscopyCSF-2019_george_webinar_2019_v2.mp4,https://arup.utah.edu/sites/default/files/Edu_Media/pdfs/george-microscopyCSF-2019_lecture-slides.pdf,https://arup.utah.edu/sites/default/files/Edu_Media/cc/george-microscopyCSF-2019_george-microscopyCSF-2019.vtt,,False,False
goodnough-ptblood-2024,What Is Patient Blood Management and Where Do We Go From Here?,56 min 42 sec,True,True,True,https://arup.utah.edu/education/goodnough-ptblood-2024,https://arup.utah.edu/sites/default/files/Edu_Media/videos/goodnough-ptblood-2024_v2.mp4,https://arup.utah.edu/sites/default/files/Edu_Media/pdfs/goodnough-ptblood-2024_lecture-slides.pdf,https://arup.utah.edu/sites/default/files/Edu_Media/cc/goodnough-ptblood-2024_SRT_Department%20of%20Pathology%20Grand%20Rounds%2011-16-23%20MD%20Goodnough_V2.vtt,,False,False
gulbahce-breast-pcap24,Immunohistochemistry in Breast Disease: Uses and Pitfalls,49 min 50 sec,True,True,True,https://arup.utah.edu/education/gulbahce-breast-pcap24,https://arup.utah.edu/sites/default/files/Edu_Media/videos/gulbahce-breast-pcap24_v1.mp4,https://arup.utah.edu/sites/default/files/Edu_Media/pdfs/gulbahce-breast-pcap24_lecture-slides.pdf,https://arup.utah.edu/sites/default/files/Edu_Media/cc/gulbahce-breast-pcap24_Subtitles%206%20-%20Gulbahce_Breast_Disease_V1_1.vtt,pcap24,True,False
hale-liver-pcap25,"Beyond A, B, and C: Emerging and Reemerging Infections in the Liver",56 min 0 sec,True,True,True,https://arup.utah.edu/education/hale-liver-pcap25,https://arup.utah.edu/sites/default/files/Edu_Media/videos/hale-liver-pcap25_v1.mp4,https://arup.utah.edu/sites/default/files/Edu_Media/pdfs/hale-liver-pcap25_lecture-slides.pdf,https://arup.utah.edu/sites/default/files/Edu_Media/cc/hale-liver-pcap25_Subtitles%20-%2002%20Hale_Beyond%20A%2C%20B%2C%20and%20C%20Emerging%20Reemerging%20Infections%20in%20the%20Liver_1.vtt,pcap25,True,False
hanson-antiviralresist-2025,Antiviral Resistance Detection in Herpes Viruses,35 min 20 sec,True,True,True,https://arup.utah.edu/education/hanson-antiviralresist-2025,https://arup.utah.edu/sites/default/files/Edu_Media/videos/hanson-antiviralresist-2025_v1.mp4,https://arup.utah.edu/sites/default/files/Edu_Media/pdfs/hanson-antiviralresist-2025_lecture-slides.pdf,https://arup.utah.edu/sites/default/files/Edu_Media/cc/hanson-antiviralresist-2025_Subtitles%20-%20Hanson_Antiviral%20Resistance%20MP4%202025-01-22.vtt,,False,False
jackson-bigdataai-2019,Ethical Challenges From Medical Big Data and AI,35 min 38 sec,True,True,True,https://arup.utah.edu/education/jackson-bigdataai-2019,https://arup.utah.edu/sites/default/files/Edu_Media/videos/jackson-bigDataAI-2019_Ethical_Challenges_in_AI_V2.mp4,https://arup.utah.edu/sites/default/files/Edu_Media/pdfs/jackson-bigDataAI-2019_lecture-slides.pdf,https://arup.utah.edu/sites/default/files/Edu_Media/cc/jackson-bigDataAI-2019_jackson-bigDataAI-2019.vtt,,False,False
jackson-ethicalorg-2025,The Ethical Behavior of Healthcare Organizations,52 min 16 sec,True,True,True,https://arup.utah.edu/education/jackson-ethicalorg-2025,https://arup.utah.edu/sites/default/files/Edu_Media/videos/jackson-ethicalorg-2025_v3.mp4,https://arup.utah.edu/sites/default/files/Edu_Media/pdfs/jackson-ethicalorg-2025_lecture-slides.pdf,https://arup.utah.edu/sites/default/files/Edu_Media/cc/jackson-ethicalorg-2025_Subtitles%20-%20Jackson_Ethical%20Behavior%20of%20Healthcare%20Organizations.vtt,,False,False
jackson-ethics-2018,"Ethics, Stewardship, and Laboratory Tests with Unproven Clinical Benefit",55 min 58 sec,True,True,True,https://arup.utah.edu/education/jackson-ethics-2018,https://arup.utah.edu/sites/default/files/Edu_Media/videos/jackson-ethics-2018_jackson_ethics_2018_v3.mp4,https://arup.utah.edu/sites/default/files/Edu_Media/pdfs/jackson-ethics-2018_lecture-slides.pdf,https://arup.utah.edu/sites/default/files/Edu_Media/cc/jackson-ethics-2018_jackson-ethics-2018.vtt,,False,False
jackson-hippocap-2020,Hippocratic Capitalism: An Ethical Marriage of Health and Tech,30 min 57 sec,True,True,True,https://arup.utah.edu/education/jackson-hippocap-2020,https://arup.utah.edu/sites/default/files/Edu_Media/videos/jackson-hippoCap-2020_Hippocratic_Capitalism_v3.mp4,https://arup.utah.edu/sites/default/files/Edu_Media/pdfs/jackson-hippoCap-2020_lecture-slides.pdf,https://arup.utah.edu/sites/default/files/Edu_Media/cc/jackson-hippoCap-2020_cc_0.vtt,,False,False
jackson-inconceivable-2024,You Keep Using the Word “Diagnosis.” I Do Not Think It Means What You Think It Means.,46 min 39 sec,True,True,True,https://arup.utah.edu/education/jackson-inconceivable-2024,https://arup.utah.edu/sites/default/files/Edu_Media/videos/jackson-inconceivable-2024_v3.mp4,https://arup.utah.edu/sites/default/files/Edu_Media/pdfs/jackson-inconceivable-2024_lecture-slides.pdf,https://arup.utah.edu/sites/default/files/Edu_Media/cc/jackson-inconceivable-2024_SRT%20Jackson-You%20Keep%20Using%20the%20Word%20Diagnosis%202024-09-16%20V3%20EDU.vtt,,False,False
jackson-serology-2024,Serology Testing in Multiple Myeloma,57 min 34 sec,True,True,True,https://arup.utah.edu/education/jackson-serology-2024,https://arup.utah.edu/sites/default/files/Edu_Media/videos/jackson-serology-2024_v1.mp4,https://arup.utah.edu/sites/default/files/Edu_Media/pdfs/jackson-serology-2024_lecture-slides.pdf,https://arup.utah.edu/sites/default/files/Edu_Media/cc/jackson-serology-2024_Subtitles_Jackson_Serology%27s%20Role%20in%20Diagnosing%20Myeloma_V1.vtt,,False,False
jackson-smartdecisions-2019,How to Make Smart Insourcing and Outsourcing Decisions for Hospital Laboratory Services,49 min 43 sec,True,True,True,https://arup.utah.edu/education/jackson-smartdecisions-2019,https://arup.utah.edu/sites/default/files/Edu_Media/videos/jackson-smartDecisions-2019_jackson_insource_outsource_2019_v2.mp4,https://arup.utah.edu/sites/default/files/Edu_Media/pdfs/jackson-smartDecisions-2019_lecture-slides.pdf,https://arup.utah.edu/sites/default/files/Edu_Media/cc/jackson-smartDecisions-2019_jackson-smartDecisions-2019.vtt,,False,False
jackson-toughlove-2019,Tough Love: Managing Your Lab Customers to Improve Relationships and Outcomes,24 min 12 sec,True,True,True,https://arup.utah.edu/education/jackson-toughlove-2019,https://arup.utah.edu/sites/default/files/Edu_Media/videos/jackson-toughLove-2019_Jackson_ToughLove_v4.mp4,https://arup.utah.edu/sites/default/files/Edu_Media/pdfs/jackson-toughLove-2019_lecture-slides.pdf,https://arup.utah.edu/sites/default/files/Edu_Media/cc/jackson-toughLove-2019_jackson-toughLove-2019.vtt,,True,False
jacobsen-tcell-pcap25,T-Cell Lymphoproliferative Disorders of the GI Tract,46 min 30 sec,True,True,True,https://arup.utah.edu/education/jacobsen-tcell-pcap25,https://arup.utah.edu/sites/default/files/Edu_Media/videos/jacobsen-tcell-pcap25_v1.mp4,https://arup.utah.edu/sites/default/files/Edu_Media/pdfs/jacobsen-tcell-pcap25_lecture-slides.pdf,https://arup.utah.edu/sites/default/files/Edu_Media/cc/jacobsen-tcell-pcap25_20%20Jacobsen_T-Cell%20Lymphoproliferative%20Disorders%20of%20the%20GI%20Tract_1.vtt,pcap25,True,False
jarboe-gynfrozen-pcap24,Approach to Common Gynecologic Frozen Sections,58 min 7 sec,True,True,True,https://arup.utah.edu/education/jarboe-gynfrozen-pcap24,https://arup.utah.edu/sites/default/files/Edu_Media/videos/jarboe-gynfrozen-pcap24_v1.mp4,https://arup.utah.edu/sites/default/files/Edu_Media/pdfs/jarboe-gynfrozen-pcap24_lecture-slides.pdf,https://arup.utah.edu/sites/default/files/Edu_Media/cc/jarboe-gynfrozen-pcap24_9%20-%20Jarboe_Gynecologic_Frozen_Sections_V1_1_SRT.vtt,pcap24,True,False
jedrzkiewicz-squamous-pcap24,Diagnostic and Differential Considerations in Squamous Breast Lesions,50 min 54 sec,True,True,True,https://arup.utah.edu/education/jedrzkiewicz-squamous-pcap24,https://arup.utah.edu/sites/default/files/Edu_Media/videos/jedrzkiewicz-squamous-pcap24_v1.mp4,https://arup.utah.edu/sites/default/files/Edu_Media/pdfs/jedrzkiewicz-squamous-pcap24_lecture-slides.pdf,https://arup.utah.edu/sites/default/files/Edu_Media/cc/jedrzkiewicz-squamous-pcap24_Subtitles%2019%20-%20Jedrzkiewicz_Squamous_Breast_Lesions_V1_1.vtt,pcap24,True,False
jelitto-9waste-2022,Nine Wastes of Lean: DOWNTIMES,48 min 8 sec,True,True,True,https://arup.utah.edu/education/jelitto-9waste-2022,https://arup.utah.edu/sites/default/files/Edu_Media/videos/jelitto-9waste-2022_v2.mp4,https://arup.utah.edu/sites/default/files/Edu_Media/pdfs/jelitto-9waste-2022_lecture-slides.pdf,https://arup.utah.edu/sites/default/files/Edu_Media/cc/jelitto-9waste-2022_jelitto-9waste-2022.vtt,,False,False
jeoparody-2020,Lab Stewardship JeoPARODY,47 min 36 sec,True,True,True,https://arup.utah.edu/education/jeoparody-2020,https://arup.utah.edu/sites/default/files/Edu_Media/videos/jeoPARODY-2020_Jeoparody_V6.mp4,https://arup.utah.edu/sites/default/files/Edu_Media/pdfs/jeoPARODY-2020_lecture-slides.pdf,https://arup.utah.edu/sites/default/files/Edu_Media/cc/jeoPARODY-2020_jeoPARODY-2020.vtt,,False,False
ji-dpyd-2025,Pretreatment DPYD/DPD Testing: Clinical Updates and Considerations,1 hr 10 min 22 sec,True,True,True,https://arup.utah.edu/education/ji-dpyd-2025,https://arup.utah.edu/sites/default/files/Edu_Media/videos/ji-dpyd-2025_v1.mp4,https://arup.utah.edu/sites/default/files/Edu_Media/pdfs/ji-dpyd-2025_lecture-slides.pdf,https://arup.utah.edu/sites/default/files/Edu_Media/cc/ji-dpyd-2025_Subtitles%20Ji_Pretreatment%20DPYD%20DPD%20Testing.vtt,,False,False
ji-pharmtest-2024,"Current Clinical Pharmacogenomic Testing: How Do Clinical Laboratories Stay on Top of Changes to Technologies, Professional Guidelines, and Regulations?",38 min 48 sec,True,True,True,https://arup.utah.edu/education/ji-pharmtest-2024,https://arup.utah.edu/sites/default/files/Edu_Media/videos/ji-pharmtest-2024_v10.mp4,https://arup.utah.edu/sites/default/files/Edu_Media/pdfs/ji-pharmtest-2024_lecture-slides.pdf,https://arup.utah.edu/sites/default/files/Edu_Media/cc/ji-pharmtest-2024_EDU%20Version_V2.vtt,,True,False
kauffman-labpharm-2019,Lab & Pharmacy: Turning Daily Interaction into a Partnership,41 min 9 sec,True,True,True,https://arup.utah.edu/education/kauffman-labpharm-2019,https://arup.utah.edu/sites/default/files/Edu_Media/videos/kauffman-labPharm-2019_Kauffman_Lab%20Pharm%20Partnership_v3.mp4,https://arup.utah.edu/sites/default/files/Edu_Media/pdfs/kauffman-labPharm-2019_lecture-slides.pdf,https://arup.utah.edu/sites/default/files/Edu_Media/cc/kauffman-labPharm-2019_kauffman-labPharm-2019.vtt,,False,False
khalili-moledx-pcap22,Introduction to Molecular Diagnostics,49 min 4 sec,True,True,True,https://arup.utah.edu/education/khalili-moledx-pcap22,https://arup.utah.edu/sites/default/files/Edu_Media/videos/khalili-moleDx-pcap22_v2.mp4,https://arup.utah.edu/sites/default/files/Edu_Media/pdfs/khalili-moleDx-pcap22_lecture-slides.pdf,https://arup.utah.edu/sites/default/files/Edu_Media/cc/khalili-moleDx-pcap22_khalili-moleDx-pcap22.vtt,pcap22,True,True
kidd-emerging-2025,Emerging Dermatophytes,32 min 33 sec,True,True,True,https://arup.utah.edu/education/kidd-emerging-2025,https://arup.utah.edu/sites/default/files/Edu_Media/videos/kidd-emerging-2025_v1.mp4,https://arup.utah.edu/sites/default/files/Edu_Media/pdfs/kidd-emerging-2025_lecture-slides.pdf,https://arup.utah.edu/sites/default/files/Edu_Media/cc/kidd-emerging-2025_Subtitles%20Kidd_Emerging%20Dermatophytes%202025-03-12.vtt,gi,True,False
kikuchi-poordiff-pcap25,"Primary Liver Carcinomas: Challenges, Tools, and Diagnostic Considerations",52 min 38 sec,True,True,True,https://arup.utah.edu/education/kikuchi-poordiff-pcap25,https://arup.utah.edu/sites/default/files/Edu_Media/videos/kikuchi-poordiff-pcap25_v1.mp4,https://arup.utah.edu/sites/default/files/Edu_Media/pdfs/kikuchi-poordiff-pcap25_lecture-slides.pdf,https://arup.utah.edu/sites/default/files/Edu_Media/cc/kikuchi-poordiff-pcap25_06%20Kikuchi_Primary%20Liver%20Carcinomas%20Challenges%20Tools%20Diagnostic%20Considerations_1_lowbitrate.vtt,pcap25,True,False
knudsen-gi-pcap25,"The Rise, Hype, and Reality of AI in Diagnostic Pathology",27 min 47 sec,True,True,True,https://arup.utah.edu/education/knudsen-gi-pcap25,https://arup.utah.edu/sites/default/files/Edu_Media/videos/knudsen-gi-pcap25_v2.mp4,https://arup.utah.edu/sites/default/files/Edu_Media/pdfs/knudsen-gi-pcap25_lecture-slides.pdf,https://arup.utah.edu/sites/default/files/Edu_Media/cc/knudsen-gi-pcap25_SRT%2011%20Knudsen_The%20Rise%20Hype%20and%20Reality%20of%20AI%20in%20Diagnostic%20Pathology_V2.vtt,pcap25,True,False
kroner-adrenalvenous-2020,Adrenal Venous Sampling,26 min 4 sec,True,True,True,https://arup.utah.edu/education/kroner-adrenalvenous-2020,https://arup.utah.edu/sites/default/files/Edu_Media/videos/kroner-adrenalVenous-2020_Kroner-AdrenalVenousSampling_V2.mp4,https://arup.utah.edu/sites/default/files/Edu_Media/pdfs/kroner-adrenalVenous-2020_lecture-slides.pdf,https://arup.utah.edu/sites/default/files/Edu_Media/cc/kroner-adrenalVenous-2020_kroner-adrenalVenous-2020.vtt,,True,False
kroner-endocrinereg-2020,Endocrine Regulation of Blood Pressure,50 min 25 sec,True,True,True,https://arup.utah.edu/education/kroner-endocrinereg-2020,https://arup.utah.edu/sites/default/files/Edu_Media/videos/kroner-endocrineReg-2020_EndocrineBloodPressure_V3.mp4,https://arup.utah.edu/sites/default/files/Edu_Media/pdfs/kroner-endocrineReg-2020_lecture-slides.pdf,https://arup.utah.edu/sites/default/files/Edu_Media/cc/kroner-endocrineReg-2020_kroner-endocrineReg-2020.vtt,,False,False
kulakowski-behaviorbasedsafety-2017,Behavior-Based Safety Programs,45 min 57 sec,True,True,True,https://arup.utah.edu/education/kulakowski-behaviorbasedsafety-2017,https://arup.utah.edu/sites/default/files/Edu_Media/videos/kulakowski-behaviorBasedSafety-2017_kulakowski_safety_jan18.mp4,https://arup.utah.edu/sites/default/files/Edu_Media/pdfs/kulakowski-behaviorBasedSafety-2017_lecture-slides.pdf,https://arup.utah.edu/sites/default/files/Edu_Media/cc/kulakowski-behaviorBasedSafety-2017_kulakowski-behaviorBasedSafety-2017.vtt,,False,False
kulakowski-labergo-2018,Laboratory Ergonomics Programs,54 min 45 sec,True,True,True,https://arup.utah.edu/education/kulakowski-labergo-2018,https://arup.utah.edu/sites/default/files/Edu_Media/videos/kulakowski-labErgo-2018_kulakowski_ergonomics_v2.mp4,https://arup.utah.edu/sites/default/files/Edu_Media/pdfs/kulakowski-labErgo-2018_lecture-slides.pdf,https://arup.utah.edu/sites/default/files/Edu_Media/cc/kulakowski-labErgo-2018_kulakowski-labErgo-2018.vtt,,False,False
labacqcasestudies-2019,Case Studies in Lab Acquisitions—The Impact on Clinical and Lab Operations,52 min 19 sec,True,False,True,https://arup.utah.edu/education/labacqcasestudies-2019,https://arup.utah.edu/sites/default/files/Edu_Media/videos/labAcqCaseStudies-2019_bradley_serota_acquisition_v3.mp4,,https://arup.utah.edu/sites/default/files/Edu_Media/cc/labAcqCaseStudies-2019_labAcqCaseStudies-2019.vtt,,False,False
labcompliance-2022,Laboratory Compliance: AKS and EKRA,1 hr 2 min 55 sec,True,True,True,https://arup.utah.edu/education/labcompliance-2022,https://arup.utah.edu/sites/default/files/Edu_Media/videos/labcompliance-2022_v2.mp4,https://arup.utah.edu/sites/default/files/Edu_Media/pdfs/labcompliance-2022_lecture-slides.pdf,https://arup.utah.edu/sites/default/files/Edu_Media/cc/labcompliance-2022_labcompliance-2022.vtt,,False,False
labformularies,"Laboratory Formularies: Improving Care, Reducing Costs",34 min 44 sec,True,True,True,https://arup.utah.edu/education/labformularies,https://arup.utah.edu/sites/default/files/Edu_Media/videos/labFormularies_Slashing04-17-15Jackson2.mp4,https://arup.utah.edu/sites/default/files/Edu_Media/pdfs/labFormularies_Premier%20Formularies.pdf,https://arup.utah.edu/sites/default/files/Edu_Media/cc/labFormularies_labFormularies.vtt,,False,False
labstewardordersets-2020,Laboratory Stewardship and Order Set Optimization,52 min 23 sec,True,True,True,https://arup.utah.edu/education/labstewardordersets-2020,https://arup.utah.edu/sites/default/files/Edu_Media/videos/labStewardOrderSets-2020_Fletcher_Tincher_LabV4.mp4,https://arup.utah.edu/sites/default/files/Edu_Media/pdfs/labStewardOrderSets-2020_lecture-slides.pdf,https://arup.utah.edu/sites/default/files/Edu_Media/cc/labStewardOrderSets-2020_labStewardOrderSets-2020.vtt,,False,False
lewisbb,The Lewis System,32 min 40 sec,True,True,True,https://arup.utah.edu/education/lewisbb,https://arup.utah.edu/sites/default/files/Edu_Media/videos/lewisBB_LewisSystem2.mp4,https://arup.utah.edu/sites/default/files/Edu_Media/pdfs/lewisBB_The%20Lewis%20System%20ARUP.pdf,https://arup.utah.edu/sites/default/files/Edu_Media/cc/lewisBB_lewisBB.vtt,,False,False
liu-3dpath-2025,Nondestructive 3D Pathology and Analysis: A New Perspective on Cancer,1 hr 2 min 27 sec,True,False,True,https://arup.utah.edu/education/liu-3dpath-2025,https://arup.utah.edu/sites/default/files/Edu_Media/videos/liu-3dpath-2025_v1.mp4,,https://arup.utah.edu/sites/default/files/Edu_Media/cc/liu-3dpath-2025_SRT%20Subtitles%20Jonathan%20TC%20Liu_Nondestructive%203D%20pathology%20and%20analysis%20a%20new%20perspective%20on%20cancer.vtt,,True,False
lrbeyondpatients,Laboratory Results - Beyond Patient Testing,50 min 37 sec,True,True,True,https://arup.utah.edu/education/lrbeyondpatients,https://arup.utah.edu/sites/default/files/Edu_Media/videos/LRbeyondPatients_LabResults2.mp4,https://arup.utah.edu/sites/default/files/Edu_Media/pdfs/LRbeyondPatients_lecture-slides.pdf,https://arup.utah.edu/sites/default/files/Edu_Media/cc/LRbeyondPatients_LRbeyondPatients.vtt,,False,False
lyle-pnh-2023,"Paroxysmal Nocturnal Hemoglobinuria: Clinicopathologic Features, Treatment, and Outcomes",47 min 21 sec,True,True,True,https://arup.utah.edu/education/lyle-pnh-2023,https://arup.utah.edu/sites/default/files/Edu_Media/videos/lyle-pnh-2023_v2.mp4,https://arup.utah.edu/sites/default/files/Edu_Media/pdfs/lyle-pnh-2023_lecture-slides.pdf,https://arup.utah.edu/sites/default/files/Edu_Media/cc/lyle-pnh-2023_Paroxysmal%20Nocturnal%20Hemoglobinuria.Clinicopathologic%20Features%2C%20Treatment%2C%20and%20Outcomes%20by%20Adam%20Lyle%20DO.vtt,,True,False
lyle-thyroid-2023,Laboratory Diagnosis and Surveillance of Thyroid Cancer,51 min 8 sec,True,True,True,https://arup.utah.edu/education/lyle-thyroid-2023,https://arup.utah.edu/sites/default/files/Edu_Media/videos/lyle-thyroid-2023_v3.mp4,https://arup.utah.edu/sites/default/files/Edu_Media/pdfs/lyle-thyroid-2023_lecture-slides.pdf,https://arup.utah.edu/sites/default/files/Edu_Media/cc/lyle-thyroid-2023_12-21-22%20Resident%20Presentation_Adam%20Lyle_V3.vtt,,False,False
mahlow-spindled-pcap24,"Spindled, Infectious, and Unusual Findings in the Breast: A Case-Based Review",49 min 22 sec,True,True,True,https://arup.utah.edu/education/mahlow-spindled-pcap24,https://arup.utah.edu/sites/default/files/Edu_Media/videos/mahlow-spindled-pcap24_v1.mp4,https://arup.utah.edu/sites/default/files/Edu_Media/pdfs/mahlow-spindled-pcap24_lecture-slides.pdf,https://arup.utah.edu/sites/default/files/Edu_Media/cc/mahlow-spindled-pcap24_15%20-%20Mahlow_Spindled_Infectious_Findings_V1_1.vtt,pcap24,True,False
malaria,Review of Malaria and Plasmodium Species,48 min 0 sec,True,True,True,https://arup.utah.edu/education/malaria,https://arup.utah.edu/sites/default/files/Edu_Media/videos/malaria_Malaria2.mp4,https://arup.utah.edu/sites/default/files/Edu_Media/pdfs/malaria_lecture-slides.pdf,https://arup.utah.edu/sites/default/files/Edu_Media/cc/malaria_malaria.vtt,,False,False
mao-alzheimers-2025,Innovations in Diagnostics for Alzheimer’s Disease and Related Dementias,40 min 38 sec,True,True,True,https://arup.utah.edu/education/mao-alzheimers-2025,https://arup.utah.edu/sites/default/files/Edu_Media/videos/mao-alzheimers-2025_v1.mp4,https://arup.utah.edu/sites/default/files/Edu_Media/pdfs/mao-alzheimers-2025_lecture-slides.pdf,https://arup.utah.edu/sites/default/files/Edu_Media/cc/mao-alzheimers-2025_SRT%20EDU%20VERSION%20Mao_Alzheimers.vtt,,False,False
marsh-tried-2025,"Tried, True, and New: Diagnostics in Inborn Errors of Immunity",51 min 24 sec,True,True,True,https://arup.utah.edu/education/marsh-tried-2025,https://arup.utah.edu/sites/default/files/Edu_Media/videos/marsh-tried-2025_v1.mp4,https://arup.utah.edu/sites/default/files/Edu_Media/pdfs/marsh-tried-2025_lecture-slides.pdf,https://arup.utah.edu/sites/default/files/Edu_Media/cc/marsh-tried-2025_SRT%20Marsh_Tried%2C%20True%2C%20and%20New%20Diagnostics%20in%20Inborn%20Errors%20of%20Immunity.vtt,,False,False
masld-pcap25,Metabolic Dysfunction-Associated Steatotic Liver Disease (MASLD): Clinician and Pathologist Perspectives,1 hr 29 min 23 sec,True,True,True,https://arup.utah.edu/education/masld-pcap25,https://arup.utah.edu/sites/default/files/Edu_Media/videos/masld-pcap25_v1.mp4,https://arup.utah.edu/sites/default/files/Edu_Media/pdfs/masld-pcap25_lecture-slides.pdf,https://arup.utah.edu/sites/default/files/Edu_Media/cc/masld-pcap25_12%20Evason_Gallegos-Orozco_Metabolic-Dysfunction%20Associated%20Steatotic%20Liver%20Disease_1.vtt,pcap25,True,False
mathison-ai-2023,Artificial Intelligence (AI) for the Detection of Gastrointestinal Parasites Cases in Parasitology,48 min 1 sec,True,True,True,https://arup.utah.edu/education/mathison-ai-2023,https://arup.utah.edu/sites/default/files/Edu_Media/videos/mathison-ai-2023_v2.mp4,https://arup.utah.edu/sites/default/files/Edu_Media/pdfs/mathison-ai-2023_lecture-slides.pdf,https://arup.utah.edu/sites/default/files/Edu_Media/cc/mathison-ai-2023_Subtitles%20Fariview%20Webinar%20Mathison%20-%20AI%20Parasitology.vtt,,False,False
mathison-applications-2025,Applications for AI in the Clinical Parasitology Lab,41 min 0 sec,True,False,True,https://arup.utah.edu/education/mathison-applications-2025,https://arup.utah.edu/sites/default/files/Edu_Media/videos/mathison-applications-2025_v1.mp4,,https://arup.utah.edu/sites/default/files/Edu_Media/cc/mathison-applications-2025_cc_0.vtt,,False,False
mathison-parasitology-2021,Cases in Parasitology,54 min 55 sec,True,True,True,https://arup.utah.edu/education/mathison-parasitology-2021,https://arup.utah.edu/sites/default/files/Edu_Media/videos/mathison-parasitology-2021_Mathison_Cases_In_Parisitology_V3.mp4,https://arup.utah.edu/sites/default/files/Edu_Media/pdfs/mathison-parasitology-2021_lecture-slides.pdf,https://arup.utah.edu/sites/default/files/Edu_Media/cc/mathison-parasitology-2021_mathison-parasitology-2021.vtt,,False,False
matkowskyj-biomarkers-2025,Biomarkers and Actionable Gene Mutations in Gastrointestinal Cancer,54 min 46 sec,True,True,True,https://arup.utah.edu/education/matkowskyj-biomarkers-2025,https://arup.utah.edu/sites/default/files/Edu_Media/videos/matkowskyj-biomarkers-2025_v2.mp4,https://arup.utah.edu/sites/default/files/Edu_Media/pdfs/matkowskyj-biomarkers-2025_lecture-slides.pdf,https://arup.utah.edu/sites/default/files/Edu_Media/cc/matkowskyj-biomarkers-2025_Subtitles_Matkowskyj_Biomarkers%20and%20Actionable%20Alterations%20in%20Gastrointestinal%20Cancer%20V2.vtt,,False,False
mcmillin-massspec-2025,The Magic and Madness of Mass Spectrometry in Medicine,44 min 51 sec,True,True,True,https://arup.utah.edu/education/mcmillin-massspec-2025,https://arup.utah.edu/sites/default/files/Edu_Media/videos/mcmillin-massspec-2025_v1.mp4,https://arup.utah.edu/sites/default/files/Edu_Media/pdfs/mcmillin-massspec-2025_lecture-slides.pdf,https://arup.utah.edu/sites/default/files/Edu_Media/cc/mcmillin-massspec-2025_McMillin_Magic%20and%20Madness%20of%20Mass%20Spec.vtt,,True,False
mcmillin-newborndrug-2022,Newborn Drug Testing: Laboratory Testing Options and What to Expect From Results,45 min 9 sec,True,True,True,https://arup.utah.edu/education/mcmillin-newborndrug-2022,https://arup.utah.edu/sites/default/files/Edu_Media/videos/mcmillin-newbornDrug-2022_v2.mp4,https://arup.utah.edu/sites/default/files/Edu_Media/pdfs/mcmillin-newbornDrug-2022_lecture-slides.pdf,https://arup.utah.edu/sites/default/files/Edu_Media/cc/mcmillin-newbornDrug-2022_mcmillin-newbornDrug-2022.vtt,,False,False
mcmurtry-molecular-pcap24,Molecular Subtypes of Endometrial Cancers: Approaches and Considerations for Testing,38 min 57 sec,True,True,True,https://arup.utah.edu/education/mcmurtry-molecular-pcap24,https://arup.utah.edu/sites/default/files/Edu_Media/videos/mcmurtry-molecular-pcap24_v2.mp4,https://arup.utah.edu/sites/default/files/Edu_Media/pdfs/mcmurtry-molecular-pcap24_lecture-slides.pdf,https://arup.utah.edu/sites/default/files/Edu_Media/cc/mcmurtry-molecular-pcap24_18%20-%20McMurtry_Endometrial_Cancers_V2.vtt,pcap24,True,True
mcmurtry-panc-pcap25,Pancreatic Cytology: Pattern Recognition and Case-Based Approach,46 min 28 sec,True,True,True,https://arup.utah.edu/education/mcmurtry-panc-pcap25,https://arup.utah.edu/sites/default/files/Edu_Media/videos/mcmurtry-panc-pcap25_v2.mp4,https://arup.utah.edu/sites/default/files/Edu_Media/pdfs/mcmurtry-panc-pcap25_lecture-slides.pdf,https://arup.utah.edu/sites/default/files/Edu_Media/cc/mcmurtry-panc-pcap25_SRT%2008%20McMurtry_Pancreatic%20Cytology%20Pattern%20Recognition%20Case-Based%20Approach%20-slide%20updated-.vtt,pcap25,True,False
menitove-hemaonc-pbm25,PBM in Hematology Oncology,43 min 22 sec,True,True,True,https://arup.utah.edu/education/menitove-hemaonc-pbm25,https://arup.utah.edu/sites/default/files/Edu_Media/videos/menitove-hemaonc-pbm25_v1.mp4,https://arup.utah.edu/sites/default/files/Edu_Media/pdfs/menitove-hemaonc-pbm25_lecture-slides.pdf,https://arup.utah.edu/sites/default/files/Edu_Media/cc/menitove-hemaonc-pbm25_PBM%2012%20Menitove_PBM%20in%20Hematology%20Oncology.vtt,pbm25,False,False
menon-hemepath1-2023,"Hematopathology Expert SeriesState of Hematopathology: The Past, Present, and the Future",1 hr 31 min 9 sec,True,True,True,https://arup.utah.edu/education/menon-hemepath1-2023,https://arup.utah.edu/sites/default/files/Edu_Media/videos/menon-hemepath1-2023_Hem_Conference_V3_EDU.mp4,https://arup.utah.edu/sites/default/files/Edu_Media/pdfs/menon-hemepath1-2023_lecture-slides.pdf,https://arup.utah.edu/sites/default/files/Edu_Media/cc/menon-hemepath1-2023_menon-hemepath1-2023.vtt,heme,True,True
menon-hemepath3-2024,Hematopathology Expert SeriesThe Broad-Ranging Impact of Clonal Hematopoiesis: From Diagnostic Considerations to Clinical Implications,1 hr 35 min 31 sec,True,True,True,https://arup.utah.edu/education/menon-hemepath3-2024,https://arup.utah.edu/sites/default/files/Edu_Media/videos/menon-hemepath3-2024_v1.mp4,https://arup.utah.edu/sites/default/files/Edu_Media/pdfs/menon-hemepath3-2024_lecture-slides.pdf,https://arup.utah.edu/sites/default/files/Edu_Media/cc/menon-hemepath3-2024_SRT%20Patel_Clonal%20Hematopoiesis%20for%20ARUP%20V1-EDU.vtt,heme,True,True
menon-hemepath4-2025,Hematopathology Expert SeriesClinical and Laboratory Approaches to Diagnosis of Acquired Bleeding Disorders,1 hr 22 min 48 sec,True,True,True,https://arup.utah.edu/education/menon-hemepath4-2025,https://arup.utah.edu/sites/default/files/Edu_Media/videos/menon-hemepath4-2025_v1.mp4,https://arup.utah.edu/sites/default/files/Edu_Media/pdfs/menon-hemepath4-2025_lecture-slides.pdf,https://arup.utah.edu/sites/default/files/Edu_Media/cc/menon-hemepath4-2025_Subtitles%20Hema%202025-05%20edu%20edit%202025-04-29.vtt,heme,True,True
menon-tfh-pcap23,Approach to T-Follicular Helper (TFH) Lymphomas and Mimics,46 min 38 sec,True,True,True,https://arup.utah.edu/education/menon-tfh-pcap23,https://arup.utah.edu/sites/default/files/Edu_Media/videos/menon-tfh-pcap23_19%20-%20Menon-T-Follicular_Helper_V2.mp4,https://arup.utah.edu/sites/default/files/Edu_Media/pdfs/menon-tfh-pcap23_lecture-slides.pdf,https://arup.utah.edu/sites/default/files/Edu_Media/cc/menon-tfh-pcap23_cc_0.vtt,,True,True
metcalf-platelet-2025,Platelet Transfusion: 2025 AABB and ICTMG International Clinical Practice Guidelines,26 min 9 sec,True,True,True,https://arup.utah.edu/education/metcalf-platelet-2025,https://arup.utah.edu/sites/default/files/Edu_Media/videos/metcalf-platelet-2025_v1.mp4,https://arup.utah.edu/sites/default/files/Edu_Media/pdfs/metcalf-platelet-2025_lecture-slides.pdf,https://arup.utah.edu/sites/default/files/Edu_Media/cc/metcalf-platelet-2025_Subtitles%20Metcalf_Platelet%20Guidelines%202025-07-08.vtt,,False,False
montgomery-fun04-pcap25,Fun With Gastrointestinal Tract Polyps and Polyposes,59 min 7 sec,True,True,True,https://arup.utah.edu/education/montgomery-fun04-pcap25,https://arup.utah.edu/sites/default/files/Edu_Media/videos/montgomery-fun04-pcap25_v1.mp4,https://arup.utah.edu/sites/default/files/Edu_Media/pdfs/montgomery-fun04-pcap25_lecture-slides.pdf,https://arup.utah.edu/sites/default/files/Edu_Media/cc/montgomery-fun04-pcap25_04%20Montgomery_Fun%20with%20Gastrointestinal%20Tract%20Polyps%20and%20Polyposes_1.vtt,pcap25,False,False
montgomery-gi05-pcap25,Gastrointestinal Tract Dysplasia—Timely Topics From Top to Bottom,55 min 8 sec,True,True,True,https://arup.utah.edu/education/montgomery-gi05-pcap25,https://arup.utah.edu/sites/default/files/Edu_Media/videos/montgomery-gi05-pcap25_v1.mp4,https://arup.utah.edu/sites/default/files/Edu_Media/pdfs/montgomery-gi05-pcap25_lecture-slides.pdf,https://arup.utah.edu/sites/default/files/Edu_Media/cc/montgomery-gi05-pcap25_Subtitles%20-%2005%20Montgomery_Gastrointestinal%20Tract%20Dysplasia%20Timely%20Topics%20from%20Top%20to%20Bottom_1.vtt,pcap25,True,False
montgomery-mesenchymal03-pcap25,Mesenchymal Neoplasms of the Gastrointestinal Tract and Liver—It’s All About Location,50 min 32 sec,True,True,True,https://arup.utah.edu/education/montgomery-mesenchymal03-pcap25,https://arup.utah.edu/sites/default/files/Edu_Media/videos/montgomery-mesenchymal03-pcap25_v1.mp4,https://arup.utah.edu/sites/default/files/Edu_Media/pdfs/montgomery-mesenchymal03-pcap25_lecture-slides.pdf,https://arup.utah.edu/sites/default/files/Edu_Media/cc/montgomery-mesenchymal03-pcap25_SRT%2003%20Montgomery_Mesenchymal%20Neoplasms%20Gastrointestinal%20Tract%20and%20Liver_1.vtt,pcap25,True,False
moore-coach-2025,"Put Me In, Coach: Diagnostic Stewardship Strategies and Practical Examples for Microbiologists",58 min 3 sec,True,True,True,https://arup.utah.edu/education/moore-coach-2025,https://arup.utah.edu/sites/default/files/Edu_Media/videos/moore-coach-2025_v1.mp4,https://arup.utah.edu/sites/default/files/Edu_Media/pdfs/moore-coach-2025_lecture-slides.pdf,https://arup.utah.edu/sites/default/files/Edu_Media/cc/moore-coach-2025_Moore_Diagnostic%20Stewarship%20Strategies%202025-06-25.vtt,,True,False
moser-hem-2023,Clinical Cases at the Intersection of Hematology and Hemostasis Testing,56 min 38 sec,True,True,True,https://arup.utah.edu/education/moser-hem-2023,https://arup.utah.edu/sites/default/files/Edu_Media/videos/moser-hem-2023_v1.mp4,https://arup.utah.edu/sites/default/files/Edu_Media/pdfs/moser-hem-2023_lecture-slides.pdf,https://arup.utah.edu/sites/default/files/Edu_Media/cc/moser-hem-2023_SRT_Moser%20-%20Clinical%20Cases%20at%20the%20Intersection%20of%20Hematology%20and%20Hemostasis%20Testing_EDU_V1.vtt,,False,False
nelson-calprotectin-2025,Fecal Calprotectin: From Clinical Need to Laboratory Validation,37 min 58 sec,True,True,True,https://arup.utah.edu/education/nelson-calprotectin-2025,https://arup.utah.edu/sites/default/files/Edu_Media/videos/nelson-calprotectin-2025_v1.mp4,https://arup.utah.edu/sites/default/files/Edu_Media/pdfs/nelson-calprotectin-2025_lecture-slides.pdf,https://arup.utah.edu/sites/default/files/Edu_Media/cc/nelson-calprotectin-2025_Subtitles_Nelson%20Fecal%20Calprotectin%20From%20clinical%20need%20to%20laboratory%20validation%202025-01-15.vtt,,False,False
nelson-diabetes-2024,Diabetes: Don’t Sugarcoat It—UPDATED,52 min 51 sec,True,True,True,https://arup.utah.edu/education/nelson-diabetes-2024,https://arup.utah.edu/sites/default/files/Edu_Media/videos/nelson-diabetes-2024_2024update.mp4,https://arup.utah.edu/sites/default/files/Edu_Media/pdfs/nelson-diabetes-2024_lecture-slides.pdf,https://arup.utah.edu/sites/default/files/Edu_Media/cc/nelson-diabetes-2024_cc_0.vtt,,False,False
nelson-dpyd-2026,DPYD Genotype-Guided Fluoropyrimidine Dosing: FDA and NCCN Updates to Guide 5-FU and Capecitabine Dosing for Oncologists,41 min 9 sec,True,False,True,https://arup.utah.edu/education/nelson-dpyd-2026,https://arup.utah.edu/sites/default/files/Edu_Media/videos/nelson-dpyd-2026_v1.mp4,,https://arup.utah.edu/sites/default/files/Edu_Media/cc/nelson-dpyd-2026_cc.vtt,,True,False
nelson-gi-2023,Gastrointestinal Disease – Laboratory Screening and Diagnosis,56 min 3 sec,True,True,True,https://arup.utah.edu/education/nelson-gi-2023,https://arup.utah.edu/sites/default/files/Edu_Media/videos/nelson-gi-2023_v2.mp4,https://arup.utah.edu/sites/default/files/Edu_Media/pdfs/nelson-gi-2023_lecture-slides.pdf,https://arup.utah.edu/sites/default/files/Edu_Media/cc/nelson-gi-2023_Nelson_Itestinal_Disease_EDU_V2.vtt,gi,True,False
nelson-lipid-2025,"Lipids, Cholesterol, and Lipoproteins: Understanding CVD Risk",53 min 52 sec,True,True,True,https://arup.utah.edu/education/nelson-lipid-2025,https://arup.utah.edu/sites/default/files/Edu_Media/videos/nelson-lipid-2025_v1.mp4,https://arup.utah.edu/sites/default/files/Edu_Media/pdfs/nelson-lipid-2025_lecture-slides.pdf,https://arup.utah.edu/sites/default/files/Edu_Media/cc/nelson-lipid-2025_EDU%20Nelson_Lipids%2C%20Cholesterol%2C%20and%20Lipoproteins%20SRT.vtt,,False,False
ng-clinflowcyto1-2021,Clinical Flow Cytometry for the Perplexed-Part 1: Introduction to Gating,31 min 8 sec,True,True,True,https://arup.utah.edu/education/ng-clinflowcyto1-2021,https://arup.utah.edu/sites/default/files/Edu_Media/videos/ng-clinFlowCyto1-2021_Cytometry_Presentation_1_V2.mp4,https://arup.utah.edu/sites/default/files/Edu_Media/pdfs/ng-clinFlowCyto1-2021_lecture-slides.pdf,https://arup.utah.edu/sites/default/files/Edu_Media/cc/ng-clinFlowCyto1-2021_ng-clinFlowCyto1-2021.vtt,cyto,True,True
ng-clinflowcyto2-2021,Clinical Flow Cytometry for the Perplexed-Part 2: Technical Considerations,41 min 29 sec,True,True,True,https://arup.utah.edu/education/ng-clinflowcyto2-2021,https://arup.utah.edu/sites/default/files/Edu_Media/videos/ng-clinFlowCyto2-2021_Cytometry_Presentation_2_V2.mp4,https://arup.utah.edu/sites/default/files/Edu_Media/pdfs/ng-clinFlowCyto2-2021_lecture-slides.pdf,https://arup.utah.edu/sites/default/files/Edu_Media/cc/ng-clinFlowCyto2-2021_ng-clinFlowCyto2-2021.vtt,cyto,True,True
ng-clinflowcyto3-2021,Clinical Flow Cytometry for the Perplexed-Part 3: Lymphomas,37 min 39 sec,True,True,True,https://arup.utah.edu/education/ng-clinflowcyto3-2021,https://arup.utah.edu/sites/default/files/Edu_Media/videos/ng-clinFlowCyto3-2021_Cytometry_Presentation_3_V2.mp4,https://arup.utah.edu/sites/default/files/Edu_Media/pdfs/ng-clinFlowCyto3-2021_lecture-slides.pdf,https://arup.utah.edu/sites/default/files/Edu_Media/cc/ng-clinFlowCyto3-2021_ng-clinFlowCyto3-2021.vtt,cyto,True,True
ng-clinflowcyto4-2021,Clinical Flow Cytometry for the Perplexed-Part 4: Leukemias and Myeloid Neoplasms,36 min 37 sec,True,True,True,https://arup.utah.edu/education/ng-clinflowcyto4-2021,https://arup.utah.edu/sites/default/files/Edu_Media/videos/ng-clinFlowCyto4-2021_Cytometry_Presentation_4_V2.mp4,https://arup.utah.edu/sites/default/files/Edu_Media/pdfs/ng-clinFlowCyto4-2021_lecture-slides.pdf,https://arup.utah.edu/sites/default/files/Edu_Media/cc/ng-clinFlowCyto4-2021_ng-clinFlowCyto4-2021.vtt,cyto,True,True
ng-clinflowcyto5-2021,Clinical Flow Cytometry for the Perplexed-Part 5: Minimal (Measurable) Residual Disease Detection (MRD),37 min 5 sec,True,True,True,https://arup.utah.edu/education/ng-clinflowcyto5-2021,https://arup.utah.edu/sites/default/files/Edu_Media/videos/ng-clinFlowCyto5-2021_Cytometry_Presentation_5_V2.mp4,https://arup.utah.edu/sites/default/files/Edu_Media/pdfs/ng-clinFlowCyto5-2021_lecture-slides.pdf,https://arup.utah.edu/sites/default/files/Edu_Media/cc/ng-clinFlowCyto5-2021_ng-clinFlowCyto5-2021.vtt,cyto,True,True
ng-flowcyto-pcap23,"Flow Cytometry in Clinical Practice: Pitfalls, Advances, and Opportunities",53 min 47 sec,True,True,True,https://arup.utah.edu/education/ng-flowcyto-pcap23,https://arup.utah.edu/sites/default/files/Edu_Media/videos/ng-flowCyto-pcap23_v2.mp4,https://arup.utah.edu/sites/default/files/Edu_Media/pdfs/ng-flowCyto-pcap23_lecture-slides.pdf,https://arup.utah.edu/sites/default/files/Edu_Media/cc/ng-flowCyto-pcap23_6%20-%20Ng-Flow_Cytometry_V2.vtt,cyto,True,True
openshaw-allinthefamily-2018,All in the Family: How Genetic Counselors Facilitate Familial Genetic Testing,20 min 23 sec,True,True,True,https://arup.utah.edu/education/openshaw-allinthefamily-2018,https://arup.utah.edu/sites/default/files/Edu_Media/videos/openshaw-allInTheFamily-2018_openshaw_familial_testing_v3.mp4,https://arup.utah.edu/sites/default/files/Edu_Media/pdfs/openshaw-allInTheFamily-2018_lecture-slides.pdf,https://arup.utah.edu/sites/default/files/Edu_Media/cc/openshaw-allInTheFamily-2018_openshaw-allInTheFamily-2018.vtt,,False,False
pantrangi-hydatidiform-2024,Genetics of Hydatidiform Moles,45 min 27 sec,True,True,True,https://arup.utah.edu/education/pantrangi-hydatidiform-2024,https://arup.utah.edu/sites/default/files/Edu_Media/videos/pantrangi-hydatidiform-2024_v3.mp4,https://arup.utah.edu/sites/default/files/Edu_Media/pdfs/pantrangi-hydatidiform-2024_lecture-slides.pdf,https://arup.utah.edu/sites/default/files/Edu_Media/cc/pantrangi-hydatidiform-2024_Pantrangi_Hydatidiform_Moles_V3.vtt,gi,True,False
parasitologybasics-2023,Introduction to Parasitology: The Basics Are Just the Beginning,1 hr 3 min 48 sec,True,True,True,https://arup.utah.edu/education/parasitologybasics-2023,https://arup.utah.edu/sites/default/files/Edu_Media/videos/parasitologybasics-2023_v3.mp4,https://arup.utah.edu/sites/default/files/Edu_Media/pdfs/parasitologybasics-2023_lecture-slides.pdf,https://arup.utah.edu/sites/default/files/Edu_Media/cc/parasitologybasics-2023_parasitologybasics-2023.vtt,,True,False
parraherran-carcinomas2-pcap24,Case-Based Session: Difficult Endometrial Carcinomas,44 min 57 sec,True,False,True,https://arup.utah.edu/education/parraherran-carcinomas2-pcap24,https://arup.utah.edu/sites/default/files/Edu_Media/videos/parraherran-carcinomas2-pcap24_medium.mp4,,https://arup.utah.edu/sites/default/files/Edu_Media/cc/parraherran-carcinomas2-pcap24_SRT_2%20-%20Parra-Herran_Endometrial_Carsinomas.vtt,pcap24,True,False
parraherran-hyperplasia1-pcap24,Endometrial Hyperplasia and Carcinoma Diagnosis: A Modern Approach,56 min 25 sec,True,True,True,https://arup.utah.edu/education/parraherran-hyperplasia1-pcap24,https://arup.utah.edu/sites/default/files/Edu_Media/videos/parraherran-hyperplasia1-pcap24_v1.mp4,https://arup.utah.edu/sites/default/files/Edu_Media/pdfs/parraherran-hyperplasia1-pcap24_lecture-slides.pdf,https://arup.utah.edu/sites/default/files/Edu_Media/cc/parraherran-hyperplasia1-pcap24_SRT_1%20-%20Parra-Herran_Endometrial_Hyperplasia.vtt,pcap24,True,False
pearson-clia-2020,CLIA Regulations,31 min 8 sec,True,True,True,https://arup.utah.edu/education/pearson-clia-2020,https://arup.utah.edu/sites/default/files/Edu_Media/videos/pearson-clia-2020_Pearson_CLIA_Regulations_V3.mp4,https://arup.utah.edu/sites/default/files/Edu_Media/pdfs/pearson-clia-2020_lecture-slides.pdf,https://arup.utah.edu/sites/default/files/Edu_Media/cc/pearson-clia-2020_pearson-clia-2020.vtt,,False,False
pearson-method-2020,Method Validation and Verification,58 min 54 sec,True,True,True,https://arup.utah.edu/education/pearson-method-2020,https://arup.utah.edu/sites/default/files/Edu_Media/videos/pearson-method-2020_Pearson_Validation_Verification_V2.mp4,https://arup.utah.edu/sites/default/files/Edu_Media/pdfs/pearson-method-2020_lecture-slides.pdf,https://arup.utah.edu/sites/default/files/Edu_Media/cc/pearson-method-2020_pearson-method-2020.vtt,,False,False
peterson-myositisautoantibody-2026,Challenges and Breakthroughs in Myositis Autoantibody Detection,47 min 23 sec,True,False,True,https://arup.utah.edu/education/peterson-myositisautoantibody-2026,https://arup.utah.edu/sites/default/files/Edu_Media/videos/peterson-myositisautoantibody-2026_v1.mp4,,https://arup.utah.edu/sites/default/files/Edu_Media/cc/peterson-myositisautoantibody-2026_cc_0.vtt,,False,False
phlebpq,Phlebotomy Ps and Qs: Problems and Quandaries in Specimen Collection,59 min 48 sec,True,True,True,https://arup.utah.edu/education/phlebpq,https://arup.utah.edu/sites/default/files/Edu_Media/videos/phlebPQ_05-05-14%20Tricore%20Webinar.mp4,https://arup.utah.edu/sites/default/files/Edu_Media/pdfs/phlebPQ_Ps%20and%20Qs%20ARUP%20Webinar.pdf,https://arup.utah.edu/sites/default/files/Edu_Media/cc/phlebPQ_phlebPQ.vtt,,False,False
piggybank,Blood Bank vs Piggy Bank: Keys to Harmonizing Margin and Mission,48 min 13 sec,True,True,True,https://arup.utah.edu/education/piggybank,https://arup.utah.edu/sites/default/files/Edu_Media/videos/piggyBank_KG_piggyBank3.mp4,https://arup.utah.edu/sites/default/files/Edu_Media/pdfs/piggyBank_Blood%20Bank%20vs%20Piggy%20Bank.pdf,https://arup.utah.edu/sites/default/files/Edu_Media/cc/piggyBank_piggyBank.vtt,,True,False
pratt-more-2022,"More Is Better, Right? Panel vs. Targeted Testing",52 min 42 sec,True,True,True,https://arup.utah.edu/education/pratt-more-2022,https://arup.utah.edu/sites/default/files/Edu_Media/videos/pratt-more-2022_v2.mp4,https://arup.utah.edu/sites/default/files/Edu_Media/pdfs/pratt-more-2022_lecture-slides.pdf,https://arup.utah.edu/sites/default/files/Edu_Media/cc/pratt-more-2022_pratt-more-2022.vtt,,False,False
procop-labsteward-2019,Adventures in Laboratory Stewardship: Improving Quality and Care While Lowering Costs,55 min 2 sec,True,True,True,https://arup.utah.edu/education/procop-labsteward-2019,https://arup.utah.edu/sites/default/files/Edu_Media/videos/procop-labSteward-2019_pccp18_procop_lab.mp4,https://arup.utah.edu/sites/default/files/Edu_Media/pdfs/procop-labSteward-2019_lecture-slides.pdf,https://arup.utah.edu/sites/default/files/Edu_Media/cc/procop-labSteward-2019_procop-labSteward-2019.vtt,,False,False
ptau217-2026,Plasma-Based Diagnostics for Alzheimer’s Disease: Current State and Clinical Relevance of pTau 217,59 min 37 sec,True,True,True,https://arup.utah.edu/education/ptau217-2026,https://arup.utah.edu/sites/default/files/Edu_Media/videos/ptau217-2026_v1.mp4,https://arup.utah.edu/sites/default/files/Edu_Media/pdfs/ptau217-2026_lecture-slides.pdf,https://arup.utah.edu/sites/default/files/Edu_Media/cc/ptau217-2026_cc_0.vtt,,False,False
putnam-hirschsprung-pcap25,Hirschsprung Disease: When Bad Things Happen to the Gut Brain,54 min 16 sec,True,True,True,https://arup.utah.edu/education/putnam-hirschsprung-pcap25,https://arup.utah.edu/sites/default/files/Edu_Media/videos/putnam-hirschsprung-pcap25_v1.mp4,https://arup.utah.edu/sites/default/files/Edu_Media/pdfs/putnam-hirschsprung-pcap25_lecture-slides.pdf,https://arup.utah.edu/sites/default/files/Edu_Media/cc/putnam-hirschsprung-pcap25_SRT%20Subtitles%2009%20Putnam_Updates%20in%20Pediatric%20Pathology_1.vtt,pcap25,True,False
qcoptimization-2018,Understanding Quality Control: A Process Improvement Perspective,1 hr 12 min 39 sec,True,True,True,https://arup.utah.edu/education/qcoptimization-2018,https://arup.utah.edu/sites/default/files/Edu_Media/videos/qcOptimization-2018_schmidt_pearson_2018_v3.mp4,https://arup.utah.edu/sites/default/files/Edu_Media/pdfs/qcOptimization-2018_lecture-slides.pdf,https://arup.utah.edu/sites/default/files/Edu_Media/cc/qcOptimization-2018_qcOptimization-2018.vtt,,False,False
raca-ngs-2025,From Microscope to Molecule: Chromosome Abnormality Testing in the Era of NGS,58 min 31 sec,True,True,True,https://arup.utah.edu/education/raca-ngs-2025,https://arup.utah.edu/sites/default/files/Edu_Media/videos/raca-ngs-2025_v1.mp4,https://arup.utah.edu/sites/default/files/Edu_Media/pdfs/raca-ngs-2025_lecture-slides.pdf,https://arup.utah.edu/sites/default/files/Edu_Media/cc/raca-ngs-2025_Raca_From%20Microscope%20to%20Molecule%20Chromosome%20Abnormality%20Testing%20in%20the%20Era%20of%20NGS.vtt,,True,False
raps-cyto-pcap25,Cases From the FNA Service: Cyto-Histo Correlation,51 min 38 sec,True,True,True,https://arup.utah.edu/education/raps-cyto-pcap25,https://arup.utah.edu/sites/default/files/Edu_Media/videos/raps-cyto-pcap25_v1.mp4,https://arup.utah.edu/sites/default/files/Edu_Media/pdfs/raps-cyto-pcap25_lecture-slides.pdf,https://arup.utah.edu/sites/default/files/Edu_Media/cc/raps-cyto-pcap25_SRT%2014%20Raps_Cases%20from%20the%20FNA%20Service-%20Cyto-Histo%20Correlation_1.vtt,pcap25,True,False
regainingrevenue-2021,Regaining Revenue: How One Lab Rebuilt Its Outreach Program,1 hr 0 min 31 sec,True,True,True,https://arup.utah.edu/education/regainingrevenue-2021,https://arup.utah.edu/sites/default/files/Edu_Media/videos/regainingRevenue-2021_v5.mp4,https://arup.utah.edu/sites/default/files/Edu_Media/pdfs/regainingRevenue-2021_lecture-slides.pdf,https://arup.utah.edu/sites/default/files/Edu_Media/cc/regainingRevenue-2021_regainingRevenue-2021.vtt,,False,False
reperr,Reporting Laboratory Errors Without Fear,52 min 25 sec,True,True,True,https://arup.utah.edu/education/reperr,https://arup.utah.edu/sites/default/files/Edu_Media/videos/repErr_reportingErrors.mp4,https://arup.utah.edu/sites/default/files/Edu_Media/pdfs/repErr_Reporting%20Laboratory%20Errors%202014.pdf,https://arup.utah.edu/sites/default/files/Edu_Media/cc/repErr_repErr.vtt,,False,False
rets-hematopathology-pcap24,Immunohistochemistry in Challenging Hematology Cases: Old Friends and New Acquaintances,52 min 18 sec,True,True,True,https://arup.utah.edu/education/rets-hematopathology-pcap24,https://arup.utah.edu/sites/default/files/Edu_Media/videos/rets-hematopathology-pcap24_v1.mp4,https://arup.utah.edu/sites/default/files/Edu_Media/pdfs/rets-hematopathology-pcap24_lecture-slides.pdf,https://arup.utah.edu/sites/default/files/Edu_Media/cc/rets-hematopathology-pcap24_rets-hematopathology-pcap24.vtt,pcap24,True,True
rhees-abodiscrep-2018,Resolution of ABO Discrepancies,52 min 40 sec,True,True,True,https://arup.utah.edu/education/rhees-abodiscrep-2018,https://arup.utah.edu/sites/default/files/Edu_Media/videos/rhees-ABODiscrep-2018_rhees_abo_resolution.mp4,https://arup.utah.edu/sites/default/files/Edu_Media/pdfs/rhees-ABODiscrep-2018_lecture-slides.pdf,https://arup.utah.edu/sites/default/files/Edu_Media/cc/rhees-ABODiscrep-2018_rhees-ABODiscrep-2018.vtt,,False,False
rhees-introabo-2018,Introduction to the ABO Blood Group,45 min 47 sec,True,True,True,https://arup.utah.edu/education/rhees-introabo-2018,https://arup.utah.edu/sites/default/files/Edu_Media/videos/rhees-introABO-2018_rhees_ABO_intro_2018.mp4,https://arup.utah.edu/sites/default/files/Edu_Media/pdfs/rhees-ABODiscrep-2018_lecture-slides.pdf,https://arup.utah.edu/sites/default/files/Edu_Media/cc/rhees-introABO-2018_rhees-introABO-2018.vtt,,False,False
ruano-vascular-pcap24,Vascular Lesions in the Breast,58 min 17 sec,True,True,True,https://arup.utah.edu/education/ruano-vascular-pcap24,https://arup.utah.edu/sites/default/files/Edu_Media/videos/ruano-vascular-pcap24_v1.mp4,https://arup.utah.edu/sites/default/files/Edu_Media/pdfs/ruano-vascular-pcap24_lecture-slides.pdf,https://arup.utah.edu/sites/default/files/Edu_Media/cc/ruano-vascular-pcap24_16%20-%20Ruano_Vascular_Lesions.vtt,pcap24,True,False
rychert-analytics-2024,Leveraging Clinical Laboratory Analytics,41 min 33 sec,True,True,True,https://arup.utah.edu/education/rychert-analytics-2024,https://arup.utah.edu/sites/default/files/Edu_Media/videos/rychert-analytics-2024_v3.mp4,https://arup.utah.edu/sites/default/files/Edu_Media/pdfs/rychert-analytics-2024_lecture-slides.pdf,https://arup.utah.edu/sites/default/files/Edu_Media/cc/rychert-analytics-2024_EDU%20Rychert_Leveraging%20V3%20SRT.vtt,,True,False
sanchez-renalmass-pcap23,Clinical Implications for Renal Mass Biopsy and Integration With Molecular Markers for Clinical Decision-Making,36 min 58 sec,True,True,True,https://arup.utah.edu/education/sanchez-renalmass-pcap23,https://arup.utah.edu/sites/default/files/Edu_Media/videos/sanchez-renalMass-pcap23_v2.mp4,https://arup.utah.edu/sites/default/files/Edu_Media/pdfs/sanchez-renalMass-pcap23_lecture-slides.pdf,https://arup.utah.edu/sites/default/files/Edu_Media/cc/sanchez-renalMass-pcap23_Sanchez-Renal_Mass_Biopsy_V2_SRT.vtt,,True,True
shaaban-pharmacogenomics-2023,Principles of Pharmacogenomics,43 min 14 sec,True,True,True,https://arup.utah.edu/education/shaaban-pharmacogenomics-2023,https://arup.utah.edu/sites/default/files/Edu_Media/videos/shaaban-pharmacogenomics-2023_v2.mp4,https://arup.utah.edu/sites/default/files/Edu_Media/pdfs/shaaban-pharmacogenomics-2023_lecture-slides.pdf,https://arup.utah.edu/sites/default/files/Edu_Media/cc/shaaban-pharmacogenomics-2023_shaaban-pharmacogenomics-2023.vtt,,False,False
shah-aiadoption-2024,Shaping the Responsible Adoption of AI in Healthcare,1 hr 8 min 32 sec,True,True,True,https://arup.utah.edu/education/shah-aiadoption-2024,https://arup.utah.edu/sites/default/files/Edu_Media/videos/shah-aiadoption-2024_v1.mp4,https://arup.utah.edu/sites/default/files/Edu_Media/pdfs/shah-aiadoption-2024_lecture-slides.pdf,https://arup.utah.edu/sites/default/files/Edu_Media/cc/shah-aiadoption-2024_Shaping%20the%20Responsible%20Adoption%20of%20AI%20in%20Healthcare%20by%20Nigam%20H.%20Shah%2C%20MBBS%2C%20PhD.vtt,,False,False
shakir-genitalulcer-2025,"Exploring Genital Ulcer Disease: Causes, Diagnosis, and Key Challenges",57 min 21 sec,True,True,True,https://arup.utah.edu/education/shakir-genitalulcer-2025,https://arup.utah.edu/sites/default/files/Edu_Media/videos/shakir-genitalulcer-2025_v2.mp4,https://arup.utah.edu/sites/default/files/Edu_Media/pdfs/lecture-slides_2.pdf,https://arup.utah.edu/sites/default/files/Edu_Media/cc/shakir-genitalulcer-2025_cc_0.vtt,,False,False
shakir-sti-2023,Diagnosis of Sexually Transmitted Infections: Current and Future Landscape,54 min 15 sec,True,True,True,https://arup.utah.edu/education/shakir-sti-2023,https://arup.utah.edu/sites/default/files/Edu_Media/videos/shakir-sti-2023_v2.mp4,https://arup.utah.edu/sites/default/files/Edu_Media/pdfs/shakir-sti-2023_lecture-slides.pdf,https://arup.utah.edu/sites/default/files/Edu_Media/cc/shakir-sti-2023_shakir-sti-2023.vtt,,False,False
shakir-vaginitis-2024,Laboratory Diagnosis of Vaginitis: A Review and Update,41 min 14 sec,True,True,True,https://arup.utah.edu/education/shakir-vaginitis-2024,https://arup.utah.edu/sites/default/files/Edu_Media/videos/shakir-vaginitis-2024_v1.mp4,https://arup.utah.edu/sites/default/files/Edu_Media/pdfs/shakir-vaginitis-2024_lecture-slides.pdf,https://arup.utah.edu/sites/default/files/Edu_Media/cc/shakir-vaginitis-2024_Subtitles%20Shakir_Diagnosis%20of%20Vaginitis%20V1.vtt,gi,True,False
shestakova-dxpitfalls-pcap23,Pitfalls in the Diagnosis of Hematologic Conditions,42 min 36 sec,True,True,True,https://arup.utah.edu/education/shestakova-dxpitfalls-pcap23,https://arup.utah.edu/sites/default/files/Edu_Media/videos/shestakova-dxPitfalls-pcap23_v3.mp4,https://arup.utah.edu/sites/default/files/Edu_Media/pdfs/shestakova-dxPitfalls-pcap23_lecture-slides.pdf,https://arup.utah.edu/sites/default/files/Edu_Media/cc/shestakova-dxPitfalls-pcap23_SRT%2012%20-%20Shestakova-Hematologic_Conditions-V3.vtt,,True,True
shestakova-heme-pcap24,"ICC and WHO Classifications: Follicular, Large, and High-Grade B-Cell Lymphomas",55 min 20 sec,True,True,True,https://arup.utah.edu/education/shestakova-heme-pcap24,https://arup.utah.edu/sites/default/files/Edu_Media/videos/shestakova-heme-pcap24_v2.mp4,https://arup.utah.edu/sites/default/files/Edu_Media/pdfs/shestakova-heme-pcap24_lecture-slides.pdf,https://arup.utah.edu/sites/default/files/Edu_Media/cc/shestakova-heme-pcap24_3%20-%20Shestakova_ICC_WHO_Classifications%20SRT.vtt,pcap24,True,True
simpson-acuteliver-2022,An Infectious Cause of Acute Liver Injury,1 hr 2 min 6 sec,True,True,True,https://arup.utah.edu/education/simpson-acuteliver-2022,https://arup.utah.edu/sites/default/files/Edu_Media/videos/simpson-acuteliver-2022_v2.mp4,https://arup.utah.edu/sites/default/files/Edu_Media/pdfs/simpson-acuteliver-2022_lecture-slides.pdf,https://arup.utah.edu/sites/default/files/Edu_Media/cc/simpson-acuteliver-2022_simpson-acuteliver-2022.vtt,,True,False
simpson-opioid-2020,The Role of the Clinical Laboratory in the Current Opioid Epidemic,1 hr 3 min 13 sec,True,True,True,https://arup.utah.edu/education/simpson-opioid-2020,https://arup.utah.edu/sites/default/files/Edu_Media/videos/simpson-opioid-2020_Simpson_Opioid_V3.mp4,https://arup.utah.edu/sites/default/files/Edu_Media/pdfs/simpson-opioid-2020_lecture-slides.pdf,https://arup.utah.edu/sites/default/files/Edu_Media/cc/simpson-opioid-2020_simpson-opioid-2020.vtt,,False,False
sirohi-prostatepath-pcap23,Interesting Cases in Prostate Pathology,48 min 28 sec,True,True,True,https://arup.utah.edu/education/sirohi-prostatepath-pcap23,https://arup.utah.edu/sites/default/files/Edu_Media/videos/sirohi-prostatePath-pcap23_v2.mp4,https://arup.utah.edu/sites/default/files/Edu_Media/pdfs/sirohi-prostatePath-pcap23_lecture-slides.pdf,https://arup.utah.edu/sites/default/files/Edu_Media/cc/sirohi-prostatePath-pcap23_13%20-%20Sirohi-Prostate_Pathology_V2%20SRT.vtt,,True,False
slev-hep-2025,Viral Hepatitis: The Common and Uncommon,34 min 44 sec,True,True,True,https://arup.utah.edu/education/slev-hep-2025,https://arup.utah.edu/sites/default/files/Edu_Media/videos/slev-hep-2025_v1.mp4,https://arup.utah.edu/sites/default/files/Edu_Media/pdfs/lecture-slides_0.pdf,https://arup.utah.edu/sites/default/files/Edu_Media/cc/slev-hep-2025_cc.vtt,,False,False
slev-vac-2026,To Vaccinate or Not To Vaccinate: A Laboratory Perspective,47 min 26 sec,True,True,True,https://arup.utah.edu/education/slev-vac-2026,https://arup.utah.edu/sites/default/files/Edu_Media/videos/Slev_To Vaccinate or Not To Vaccinate_EDU V1.mp4,https://arup.utah.edu/sites/default/files/Edu_Media/pdfs/lecture-slides_3.pdf,https://arup.utah.edu/sites/default/files/Edu_Media/cc/slev-vac-2026_Slev_To%20Vaccinate%20or%20Not%20To%20Vaccinate_EDU%20V1.vtt,,False,False
smith-neuralautoantibody-2024,"Clinical Laboratory Meets Clinical Care: Challenges With Neural Autoantibody Test Utilization, Interpretation, and Application in Clinical Care",40 min 13 sec,True,True,True,https://arup.utah.edu/education/smith-neuralautoantibody-2024,https://arup.utah.edu/sites/default/files/Edu_Media/videos/smith-neuralautoantibody-2024_v1.mp4,https://arup.utah.edu/sites/default/files/Edu_Media/pdfs/smith-neuralautoantibody-2024_lecture-slides.pdf,https://arup.utah.edu/sites/default/files/Edu_Media/cc/smith-neuralautoantibody-2024_smith-neuralautoantibody-2024.vtt,,False,False
speccollect,Diagnosing Specimen Collection Issues,56 min 40 sec,True,True,True,https://arup.utah.edu/education/speccollect,https://arup.utah.edu/sites/default/files/Edu_Media/videos/specCollect_update2022.mp4,https://arup.utah.edu/sites/default/files/Edu_Media/pdfs/specCollect_lecture-slides.pdf,https://arup.utah.edu/sites/default/files/Edu_Media/cc/specCollect_specCollect.vtt,,False,False
spies-theory-2024,From Theory to Practice: Implementing Machine Learning Solutions Safely and Effectively in the Clinical Laboratory,46 min 11 sec,True,True,True,https://arup.utah.edu/education/spies-theory-2024,https://arup.utah.edu/sites/default/files/Edu_Media/videos/spies-theory-2024_v1.mp4,https://arup.utah.edu/sites/default/files/Edu_Media/pdfs/spies-theory-2024_lecture-slides.pdf,https://arup.utah.edu/sites/default/files/Edu_Media/cc/spies-theory-2024_Spies%2C%20Nick_From%20Theory%20to%20Practice%20Implementing%20Machine%20Learning%20Solutions%20V1.vtt,,False,False
straseski-inclusivity-2022,Inclusivity in Laboratory Medicine: Endocrine Testing in Transgender Individuals,54 min 10 sec,True,True,True,https://arup.utah.edu/education/straseski-inclusivity-2022,https://arup.utah.edu/sites/default/files/Edu_Media/videos/straseski-inclusivity-2022_Straseski_Endocrine_Testing_Transgender_V1.mp4,https://arup.utah.edu/sites/default/files/Edu_Media/pdfs/straseski-inclusivity-2022_lecture-slides.pdf,https://arup.utah.edu/sites/default/files/Edu_Media/cc/straseski-inclusivity-2022_straseski-inclusivity-2022.vtt,,False,False
testing_test,Testing a Test: Beyond Sensitivity and Specificity,1 hr 3 min 14 sec,True,True,True,https://arup.utah.edu/education/testing_test,https://arup.utah.edu/sites/default/files/Edu_Media/videos/testing_test_testingTest2015_3.mp4,https://arup.utah.edu/sites/default/files/Edu_Media/pdfs/testing_test_Schmidt%20Testing%20a%20Test.pdf,https://arup.utah.edu/sites/default/files/Edu_Media/cc/testing_test_testing_test.vtt,,False,False
ting-pancreatic-2024,The Viral-Like Behavior of Pancreatic Cancer,57 min 1 sec,True,True,True,https://arup.utah.edu/education/ting-pancreatic-2024,https://arup.utah.edu/sites/default/files/Edu_Media/videos/ting-pancreatic-2024_v1.mp4,https://arup.utah.edu/sites/default/files/Edu_Media/pdfs/ting-pancreatic-2024_lecture-slides.pdf,https://arup.utah.edu/sites/default/files/Edu_Media/cc/ting-pancreatic-2024_Subtitles%20The%20Viral%20Like%20Behavior%20of%20Pancreatic%20Cancer_David%20Ting.vtt,,True,False
vaughn-choice-2022,Choice Architecture: Nudging Clinicians Toward Better Diagnostic Testing,58 min 55 sec,True,False,True,https://arup.utah.edu/education/vaughn-choice-2022,https://arup.utah.edu/sites/default/files/Edu_Media/videos/vaughn-choice-2022_v1.mp4,,https://arup.utah.edu/sites/default/files/Edu_Media/cc/vaughn-choice-2022_vaughn-choice-2022.vtt,,True,False
viscoelastic-pbm25,Viscoelastic and Conventional Testing for Bleeding Assessments,42 min 31 sec,True,True,True,https://arup.utah.edu/education/viscoelastic-pbm25,https://arup.utah.edu/sites/default/files/Edu_Media/videos/viscoelastic-pbm25_v1.mp4,https://arup.utah.edu/sites/default/files/Edu_Media/pdfs/viscoelastic-pbm25_lecture-slides.pdf,https://arup.utah.edu/sites/default/files/Edu_Media/cc/viscoelastic-pbm25_cc_0.vtt,pbm25,False,False
wei-her2-pcap24,Advancements in HER2-Directed Therapy for Breast Cancer,31 min 37 sec,True,True,True,https://arup.utah.edu/education/wei-her2-pcap24,https://arup.utah.edu/sites/default/files/Edu_Media/videos/wei-her2-pcap24_v2.mp4,https://arup.utah.edu/sites/default/files/Edu_Media/pdfs/wei-her2-pcap24_lecture-slides.pdf,https://arup.utah.edu/sites/default/files/Edu_Media/cc/wei-her2-pcap24_Advancements%20in%20HER2-Directed%20Therapy%20for%20breast%20Cancer%20by%20Mei%20Wei%2C%20MD.vtt,pcap24,True,False
westblade-weirdobacters-2023,Wonderful World of Weirdobacters!,1 hr 0 min 45 sec,True,True,True,https://arup.utah.edu/education/westblade-weirdobacters-2023,https://arup.utah.edu/sites/default/files/Edu_Media/videos/westblade-weirdobacters-2023_v1.mp4,https://arup.utah.edu/sites/default/files/Edu_Media/pdfs/westblade-weirdobacters-2023_lecture-slides.pdf,https://arup.utah.edu/sites/default/files/Edu_Media/cc/westblade-weirdobacters-2023_cc_0.vtt,,False,False
williams-hematopathology-pcap24,Challenging Cases in Hematopathology: Incorporating Molecular Results,49 min 45 sec,True,True,True,https://arup.utah.edu/education/williams-hematopathology-pcap24,https://arup.utah.edu/sites/default/files/Edu_Media/videos/williams-hematopathology-pcap24_v1.mp4,https://arup.utah.edu/sites/default/files/Edu_Media/pdfs/williams-hematopathology-pcap24_lecture-slides.pdf,https://arup.utah.edu/sites/default/files/Edu_Media/cc/williams-hematopathology-pcap24_cc_0.vtt,pcap24,True,True
williamson-renaltumor-2024,Emerging Entities in Renal Tumor Pathology: What Matters,57 min 17 sec,True,True,True,https://arup.utah.edu/education/williamson-renaltumor-2024,https://arup.utah.edu/sites/default/files/Edu_Media/videos/williamson-renaltumor-2024_v2.mp4,https://arup.utah.edu/sites/default/files/Edu_Media/pdfs/williamson-renaltumor-2024_lecture-slides.pdf,https://arup.utah.edu/sites/default/files/Edu_Media/cc/williamson-renaltumor-2024_cc_0.vtt,,True,False
wittwer-extrememoledx-2019,Extreme Molecular Diagnostics,57 min 21 sec,True,True,True,https://arup.utah.edu/education/wittwer-extrememoledx-2019,https://arup.utah.edu/sites/default/files/Edu_Media/videos/wittwer-extremeMoleDx-2019_Wittwer_Extreme_Molecular_Diag_V1.mp4,https://arup.utah.edu/sites/default/files/Edu_Media/pdfs/wittwer-extremeMoleDx-2019_lecture-slides.pdf,https://arup.utah.edu/sites/default/files/Edu_Media/cc/wittwer-extremeMoleDx-2019_cc_0.vtt,,True,True
workforce-2022,Addressing the Laboratory Staffing Crisis—Expert Strategies to Recruit and Retain a Stronger Workforce,54 min 42 sec,True,True,True,https://arup.utah.edu/education/workforce-2022,https://arup.utah.edu/sites/default/files/Edu_Media/videos/workforce-2022_v3.mp4,https://arup.utah.edu/sites/default/files/Edu_Media/pdfs/workforce-2022_lecture-slides.pdf,https://arup.utah.edu/sites/default/files/Edu_Media/cc/workforce-2022_cc_0.vtt,,True,False
zaydman-eqdx-2025,Equitable Diagnostics: What Laboratory Medicine Can Learn from Algorithmic Fairness,46 min 28 sec,True,True,True,https://arup.utah.edu/education/zaydman-eqdx-2025,https://arup.utah.edu/sites/default/files/Edu_Media/videos/zaydman-eqdx-2025_v1.mp4,https://arup.utah.edu/sites/default/files/Edu_Media/pdfs/zaydman-eqdx-2025_lecture-slides.pdf,https://arup.utah.edu/sites/default/files/Edu_Media/cc/zaydman-eqdx-2025_cc_0.vtt,,False,False
zepedamendoza-clincyto1-2021,Introduction to Clinical Cytogenetics: Lecture 1,51 min 48 sec,True,True,True,https://arup.utah.edu/education/zepedamendoza-clincyto1-2021,https://arup.utah.edu/sites/default/files/Edu_Media/videos/zepedaMendoza-clinCyto1-2021_Zepeda_Cytopathology_1_V3.mp4,https://arup.utah.edu/sites/default/files/Edu_Media/pdfs/zepedaMendoza-clinCyto1-2021_lecture-slides.pdf,https://arup.utah.edu/sites/default/files/Edu_Media/cc/zepedaMendoza-clinCyto1-2021_cc_0.vtt,cyto,True,False
zepedamendoza-clincyto2-2021,Introduction to Clinical Cytogenetics: Lecture 2,55 min 1 sec,True,True,True,https://arup.utah.edu/education/zepedamendoza-clincyto2-2021,https://arup.utah.edu/sites/default/files/Edu_Media/videos/zepedaMendoza-clinCyto2-2021_Zepeda_Cytopathology_2_V2.mp4,https://arup.utah.edu/sites/default/files/Edu_Media/pdfs/zepedaMendoza-clinCyto2-2021_lecture-slides.pdf,https://arup.utah.edu/sites/default/files/Edu_Media/cc/zepedaMendoza-clinCyto2-2021_cc_0.vtt,cyto,True,False
zepedamendoza-clincyto3-2021,Introduction to Clinical Cytogenetics: Lecture 3,56 min 50 sec,True,True,True,https://arup.utah.edu/education/zepedamendoza-clincyto3-2021,https://arup.utah.edu/sites/default/files/Edu_Media/videos/zepedaMendoza-clinCyto3-2021_Zepeda_Cytopathology_3_V3.mp4,https://arup.utah.edu/sites/default/files/Edu_Media/pdfs/zepedaMendoza-clinCyto3-2021_lecture-slides.pdf,https://arup.utah.edu/sites/default/files/Edu_Media/cc/zepedaMendoza-clinCyto3-2021_cc_0.vtt,cyto,True,False
